
/home/runner/work/exp-precompensator-design-iitkgp/exp-precompensator-design-iitkgp/experiment/simulation/js/DS.js
     4:10   warning  'inputChange' is defined but never used             no-unused-vars
    15:10   warning  'refresh' is defined but never used                 no-unused-vars
    29:10   warning  'test1' is defined but never used                   no-unused-vars
    43:10   warning  'test2' is defined but never used                   no-unused-vars
    57:10   warning  'test3' is defined but never used                   no-unused-vars
    73:5    warning  'dataOPPoints' is assigned a value but never used   no-unused-vars
    74:5    warning  'dataOPPoints1' is assigned a value but never used  no-unused-vars
    77:10   warning  'system' is defined but never used                  no-unused-vars
    81:1    warning  Mixed spaces and tabs                               no-mixed-spaces-and-tabs
    89:1    warning  Mixed spaces and tabs                               no-mixed-spaces-and-tabs
    93:12   warning  'math' is not defined                               no-undef
    93:21   warning  'math' is not defined                               no-undef
    93:37   warning  'math' is not defined                               no-undef
    93:52   warning  'math' is not defined                               no-undef
    95:2    warning  Mixed spaces and tabs                               no-mixed-spaces-and-tabs
    95:15   warning  'math' is not defined                               no-undef
    95:27   warning  'math' is not defined                               no-undef
    95:38   warning  'math' is not defined                               no-undef
    95:52   warning  'math' is not defined                               no-undef
    95:65   warning  'math' is not defined                               no-undef
    95:79   warning  'math' is not defined                               no-undef
    95:90   warning  'math' is not defined                               no-undef
    97:12   warning  'math' is not defined                               no-undef
    97:24   warning  'math' is not defined                               no-undef
    97:35   warning  'math' is not defined                               no-undef
    97:49   warning  'math' is not defined                               no-undef
    97:61   warning  'math' is not defined                               no-undef
    97:104  warning  Unnecessary semicolon                               no-extra-semi
    98:11   warning  'math' is not defined                               no-undef
    98:23   warning  'math' is not defined                               no-undef
    98:34   warning  'math' is not defined                               no-undef
    98:48   warning  'math' is not defined                               no-undef
    98:60   warning  'math' is not defined                               no-undef
    98:71   warning  'math' is not defined                               no-undef
    98:111  warning  Unnecessary semicolon                               no-extra-semi
   100:12   warning  'math' is not defined                               no-undef
   100:24   warning  'math' is not defined                               no-undef
   100:35   warning  'math' is not defined                               no-undef
   100:49   warning  'math' is not defined                               no-undef
   100:62   warning  'math' is not defined                               no-undef
   100:101  warning  Unnecessary semicolon                               no-extra-semi
   101:12   warning  'math' is not defined                               no-undef
   101:24   warning  'math' is not defined                               no-undef
   101:35   warning  'math' is not defined                               no-undef
   101:49   warning  'math' is not defined                               no-undef
   101:61   warning  'math' is not defined                               no-undef
   101:70   warning  'math' is not defined                               no-undef
   101:93   warning  'math' is not defined                               no-undef
   101:135  warning  Unnecessary semicolon                               no-extra-semi
   102:11   warning  'math' is not defined                               no-undef
   102:23   warning  'math' is not defined                               no-undef
   102:34   warning  'math' is not defined                               no-undef
   102:48   warning  'math' is not defined                               no-undef
   102:60   warning  'math' is not defined                               no-undef
   102:97   warning  Unnecessary semicolon                               no-extra-semi
   104:12   warning  'a13' is not defined                                no-undef
   104:16   warning  'a14' is not defined                                no-undef
   104:20   warning  'a21' is not defined                                no-undef
   104:24   warning  'a24' is not defined                                no-undef
   104:28   warning  'a31' is not defined                                no-undef
   104:32   warning  'a32' is not defined                                no-undef
   104:36   warning  'a33' is not defined                                no-undef
   104:40   warning  'a41' is not defined                                no-undef
   104:44   warning  'a44' is not defined                                no-undef
   104:48   warning  'b1' is not defined                                 no-undef
   104:51   warning  'b3' is not defined                                 no-undef
   104:54   warning  'c12' is not defined                                no-undef
   104:58   warning  'c13' is not defined                                no-undef
   104:62   warning  'c14' is not defined                                no-undef
   104:66   warning  'c21' is not defined                                no-undef
   104:70   warning  'c22' is not defined                                no-undef
   104:74   warning  'c24' is not defined                                no-undef
   104:78   warning  'd11' is not defined                                no-undef
   104:82   warning  'd21' is not defined                                no-undef
   105:12   warning  'a34' is not defined                                no-undef
   105:16   warning  'c11' is not defined                                no-undef
   105:20   warning  'c23' is not defined                                no-undef
   107:13   warning  'math' is not defined                               no-undef
   107:37   warning  'a13' is not defined                                no-undef
   107:42   warning  'a14' is not defined                                no-undef
   107:49   warning  'a21' is not defined                                no-undef
   107:64   warning  'a24' is not defined                                no-undef
   107:71   warning  'a31' is not defined                                no-undef
   107:76   warning  'a32' is not defined                                no-undef
   107:81   warning  'a33' is not defined                                no-undef
   107:86   warning  'a34' is not defined                                no-undef
   107:93   warning  'a41' is not defined                                no-undef
   107:108  warning  'a44' is not defined                                no-undef
   108:8    warning  'mB' is assigned a value but never used             no-unused-vars
   108:13   warning  'math' is not defined                               no-undef
   108:27   warning  'b1' is not defined                                 no-undef
   108:39   warning  'b3' is not defined                                 no-undef
   109:8    warning  'mC' is assigned a value but never used             no-unused-vars
   109:13   warning  'math' is not defined                               no-undef
   109:27   warning  'c11' is not defined                                no-undef
   109:32   warning  'c12' is not defined                                no-undef
   109:37   warning  'c13' is not defined                                no-undef
   109:42   warning  'c14' is not defined                                no-undef
   109:48   warning  'c21' is not defined                                no-undef
   109:53   warning  'c22' is not defined                                no-undef
   109:58   warning  'c23' is not defined                                no-undef
   109:63   warning  'c24' is not defined                                no-undef
   110:8    warning  'mD' is assigned a value but never used             no-unused-vars
   110:13   warning  'math' is not defined                               no-undef
   110:27   warning  'd11' is not defined                                no-undef
   110:34   warning  'd21' is not defined                                no-undef
   114:153  warning  'a13' is not defined                                no-undef
   114:163  warning  'a14' is not defined                                no-undef
   114:175  warning  'a21' is not defined                                no-undef
   114:203  warning  'a24' is not defined                                no-undef
   114:215  warning  'a31' is not defined                                no-undef
   114:225  warning  'a32' is not defined                                no-undef
   114:235  warning  'a33' is not defined                                no-undef
   114:245  warning  'a34' is not defined                                no-undef
   114:257  warning  'a41' is not defined                                no-undef
   114:287  warning  'a44' is not defined                                no-undef
   115:133  warning  'b1' is not defined                                 no-undef
   115:155  warning  'b3' is not defined                                 no-undef
   116:133  warning  'c11' is not defined                                no-undef
   116:143  warning  'c12' is not defined                                no-undef
   116:153  warning  'c13' is not defined                                no-undef
   116:163  warning  'c14' is not defined                                no-undef
   116:175  warning  'c21' is not defined                                no-undef
   116:183  warning  'c22' is not defined                                no-undef
   116:193  warning  'c23' is not defined                                no-undef
   116:203  warning  'c24' is not defined                                no-undef
   117:134  warning  'd11' is not defined                                no-undef
   117:146  warning  'd21' is not defined                                no-undef
   130:1    warning  Mixed spaces and tabs                               no-mixed-spaces-and-tabs
   131:1    warning  Mixed spaces and tabs                               no-mixed-spaces-and-tabs
   134:1    warning  Mixed spaces and tabs                               no-mixed-spaces-and-tabs
   135:1    warning  Mixed spaces and tabs                               no-mixed-spaces-and-tabs
   138:12   warning  'math' is not defined                               no-undef
   142:12   warning  'math' is not defined                               no-undef
   142:24   warning  'math' is not defined                               no-undef
   142:35   warning  'math' is not defined                               no-undef
   143:12   warning  'math' is not defined                               no-undef
   143:24   warning  'math' is not defined                               no-undef
   143:35   warning  'math' is not defined                               no-undef
   144:12   warning  'math' is not defined                               no-undef
   144:24   warning  'math' is not defined                               no-undef
   144:35   warning  'math' is not defined                               no-undef
   145:12   warning  'math' is not defined                               no-undef
   145:24   warning  'math' is not defined                               no-undef
   145:35   warning  'math' is not defined                               no-undef
   155:4    warning  'E1' is not defined                                 no-undef
   156:4    warning  'E2' is not defined                                 no-undef
   157:4    warning  'E3' is not defined                                 no-undef
   158:4    warning  'E4' is not defined                                 no-undef
   195:1    warning  Mixed spaces and tabs                               no-mixed-spaces-and-tabs
   313:1    warning  Mixed spaces and tabs                               no-mixed-spaces-and-tabs
   324:10   warning  'EP' is defined but never used                      no-unused-vars
   327:1    warning  Mixed spaces and tabs                               no-mixed-spaces-and-tabs
   334:4    warning  'DP1' is not defined                                no-undef
   335:4    warning  'DP2' is not defined                                no-undef
   336:4    warning  'DP3' is not defined                                no-undef
   337:4    warning  'DP4' is not defined                                no-undef
   353:9    warning  'Cntrl_Test4' is defined but never used             no-unused-vars
   354:6    warning  'Cntrl_Test5' is defined but never used             no-unused-vars
   356:10   warning  'SFG' is defined but never used                     no-unused-vars
   361:1    warning  Mixed spaces and tabs                               no-mixed-spaces-and-tabs
   362:1    warning  Mixed spaces and tabs                               no-mixed-spaces-and-tabs
   363:1    warning  Mixed spaces and tabs                               no-mixed-spaces-and-tabs
   364:1    warning  Mixed spaces and tabs                               no-mixed-spaces-and-tabs
   381:1    warning  Mixed spaces and tabs                               no-mixed-spaces-and-tabs
   385:12   warning  'math' is not defined                               no-undef
   385:21   warning  'math' is not defined                               no-undef
   385:37   warning  'math' is not defined                               no-undef
   385:52   warning  'math' is not defined                               no-undef
   387:2    warning  Mixed spaces and tabs                               no-mixed-spaces-and-tabs
   387:15   warning  'math' is not defined                               no-undef
   387:27   warning  'math' is not defined                               no-undef
   387:38   warning  'math' is not defined                               no-undef
   387:52   warning  'math' is not defined                               no-undef
   387:65   warning  'math' is not defined                               no-undef
   387:79   warning  'math' is not defined                               no-undef
   387:90   warning  'math' is not defined                               no-undef
   389:12   warning  'math' is not defined                               no-undef
   389:24   warning  'math' is not defined                               no-undef
   389:35   warning  'math' is not defined                               no-undef
   389:49   warning  'math' is not defined                               no-undef
   389:61   warning  'math' is not defined                               no-undef
   389:104  warning  Unnecessary semicolon                               no-extra-semi
   390:11   warning  'math' is not defined                               no-undef
   390:23   warning  'math' is not defined                               no-undef
   390:34   warning  'math' is not defined                               no-undef
   390:48   warning  'math' is not defined                               no-undef
   390:60   warning  'math' is not defined                               no-undef
   390:71   warning  'math' is not defined                               no-undef
   390:111  warning  Unnecessary semicolon                               no-extra-semi
   392:12   warning  'math' is not defined                               no-undef
   392:24   warning  'math' is not defined                               no-undef
   392:35   warning  'math' is not defined                               no-undef
   392:49   warning  'math' is not defined                               no-undef
   392:62   warning  'math' is not defined                               no-undef
   392:101  warning  Unnecessary semicolon                               no-extra-semi
   393:12   warning  'math' is not defined                               no-undef
   393:24   warning  'math' is not defined                               no-undef
   393:35   warning  'math' is not defined                               no-undef
   393:49   warning  'math' is not defined                               no-undef
   393:61   warning  'math' is not defined                               no-undef
   393:70   warning  'math' is not defined                               no-undef
   393:93   warning  'math' is not defined                               no-undef
   393:135  warning  Unnecessary semicolon                               no-extra-semi
   394:11   warning  'math' is not defined                               no-undef
   394:23   warning  'math' is not defined                               no-undef
   394:34   warning  'math' is not defined                               no-undef
   394:48   warning  'math' is not defined                               no-undef
   394:60   warning  'math' is not defined                               no-undef
   394:97   warning  Unnecessary semicolon                               no-extra-semi
   396:12   warning  'a13' is not defined                                no-undef
   396:16   warning  'a14' is not defined                                no-undef
   396:20   warning  'a21' is not defined                                no-undef
   396:24   warning  'a24' is not defined                                no-undef
   396:28   warning  'a31' is not defined                                no-undef
   396:32   warning  'a32' is not defined                                no-undef
   396:36   warning  'a33' is not defined                                no-undef
   396:40   warning  'a41' is not defined                                no-undef
   396:44   warning  'a44' is not defined                                no-undef
   396:48   warning  'b1' is not defined                                 no-undef
   396:51   warning  'b3' is not defined                                 no-undef
   396:54   warning  'c12' is not defined                                no-undef
   396:58   warning  'c13' is not defined                                no-undef
   396:62   warning  'c14' is not defined                                no-undef
   396:66   warning  'c21' is not defined                                no-undef
   396:70   warning  'c22' is not defined                                no-undef
   396:74   warning  'c24' is not defined                                no-undef
   397:12   warning  'a34' is not defined                                no-undef
   397:16   warning  'c11' is not defined                                no-undef
   397:20   warning  'c23' is not defined                                no-undef
   399:8    warning  'mA' is assigned a value but never used             no-unused-vars
   399:13   warning  'math' is not defined                               no-undef
   399:37   warning  'a13' is not defined                                no-undef
   399:42   warning  'a14' is not defined                                no-undef
   399:49   warning  'a21' is not defined                                no-undef
   399:64   warning  'a24' is not defined                                no-undef
   399:71   warning  'a31' is not defined                                no-undef
   399:76   warning  'a32' is not defined                                no-undef
   399:81   warning  'a33' is not defined                                no-undef
   399:86   warning  'a34' is not defined                                no-undef
   399:93   warning  'a41' is not defined                                no-undef
   399:108  warning  'a44' is not defined                                no-undef
   400:23   warning  'math' is not defined                               no-undef
   400:37   warning  'c11' is not defined                                no-undef
   400:42   warning  'c12' is not defined                                no-undef
   400:47   warning  'c13' is not defined                                no-undef
   400:52   warning  'c14' is not defined                                no-undef
   401:13   warning  'math' is not defined                               no-undef
   401:27   warning  'b1' is not defined                                 no-undef
   401:39   warning  'b3' is not defined                                 no-undef
   403:26   warning  'a21' is not defined                                no-undef
   403:30   warning  'a13' is not defined                                no-undef
   403:34   warning  'a31' is not defined                                no-undef
   403:38   warning  'a14' is not defined                                no-undef
   403:42   warning  'a41' is not defined                                no-undef
   404:30   warning  'a13' is not defined                                no-undef
   404:34   warning  'a32' is not defined                                no-undef
   404:38   warning  'a14' is not defined                                no-undef
   405:18   warning  'a13' is not defined                                no-undef
   405:30   warning  'a13' is not defined                                no-undef
   405:34   warning  'a33' is not defined                                no-undef
   405:38   warning  'a14' is not defined                                no-undef
   406:18   warning  'a14' is not defined                                no-undef
   406:26   warning  'a24' is not defined                                no-undef
   406:30   warning  'a13' is not defined                                no-undef
   406:34   warning  'a34' is not defined                                no-undef
   406:38   warning  'a14' is not defined                                no-undef
   406:42   warning  'a44' is not defined                                no-undef
   408:14   warning  'a21' is not defined                                no-undef
   408:27   warning  'a21' is not defined                                no-undef
   408:36   warning  'a31' is not defined                                no-undef
   408:41   warning  'a24' is not defined                                no-undef
   408:45   warning  'a41' is not defined                                no-undef
   409:14   warning  'a21' is not defined                                no-undef
   409:36   warning  'a32' is not defined                                no-undef
   409:41   warning  'a24' is not defined                                no-undef
   410:14   warning  'a21' is not defined                                no-undef
   410:18   warning  'a13' is not defined                                no-undef
   410:36   warning  'a33' is not defined                                no-undef
   410:41   warning  'a24' is not defined                                no-undef
   411:14   warning  'a21' is not defined                                no-undef
   411:18   warning  'a14' is not defined                                no-undef
   411:27   warning  'a24' is not defined                                no-undef
   411:36   warning  'a34' is not defined                                no-undef
   411:41   warning  'a24' is not defined                                no-undef
   411:45   warning  'a44' is not defined                                no-undef
   413:14   warning  'a31' is not defined                                no-undef
   413:23   warning  'a32' is not defined                                no-undef
   413:27   warning  'a21' is not defined                                no-undef
   413:32   warning  'a33' is not defined                                no-undef
   413:36   warning  'a31' is not defined                                no-undef
   413:41   warning  'a34' is not defined                                no-undef
   413:45   warning  'a41' is not defined                                no-undef
   414:14   warning  'a31' is not defined                                no-undef
   414:23   warning  'a32' is not defined                                no-undef
   414:32   warning  'a33' is not defined                                no-undef
   414:36   warning  'a32' is not defined                                no-undef
   414:41   warning  'a34' is not defined                                no-undef
   415:14   warning  'a31' is not defined                                no-undef
   415:18   warning  'a13' is not defined                                no-undef
   415:23   warning  'a32' is not defined                                no-undef
   415:32   warning  'a33' is not defined                                no-undef
   415:36   warning  'a33' is not defined                                no-undef
   415:41   warning  'a34' is not defined                                no-undef
   416:14   warning  'a31' is not defined                                no-undef
   416:18   warning  'a14' is not defined                                no-undef
   416:23   warning  'a32' is not defined                                no-undef
   416:27   warning  'a24' is not defined                                no-undef
   416:32   warning  'a33' is not defined                                no-undef
   416:36   warning  'a34' is not defined                                no-undef
   416:41   warning  'a34' is not defined                                no-undef
   416:45   warning  'a44' is not defined                                no-undef
   418:14   warning  'a41' is not defined                                no-undef
   418:27   warning  'a21' is not defined                                no-undef
   418:36   warning  'a31' is not defined                                no-undef
   418:41   warning  'a44' is not defined                                no-undef
   418:45   warning  'a41' is not defined                                no-undef
   419:14   warning  'a41' is not defined                                no-undef
   419:36   warning  'a32' is not defined                                no-undef
   419:41   warning  'a44' is not defined                                no-undef
   420:14   warning  'a41' is not defined                                no-undef
   420:18   warning  'a13' is not defined                                no-undef
   420:36   warning  'a33' is not defined                                no-undef
   420:41   warning  'a44' is not defined                                no-undef
   421:14   warning  'a41' is not defined                                no-undef
   421:18   warning  'a14' is not defined                                no-undef
   421:27   warning  'a24' is not defined                                no-undef
   421:36   warning  'a34' is not defined                                no-undef
   421:41   warning  'a44' is not defined                                no-undef
   421:45   warning  'a44' is not defined                                no-undef
   425:33   warning  'a13' is not defined                                no-undef
   425:42   warning  'a14' is not defined                                no-undef
   426:33   warning  'a13' is not defined                                no-undef
   426:42   warning  'a14' is not defined                                no-undef
   427:33   warning  'a13' is not defined                                no-undef
   427:42   warning  'a14' is not defined                                no-undef
   428:33   warning  'a13' is not defined                                no-undef
   428:42   warning  'a14' is not defined                                no-undef
   430:15   warning  'a21' is not defined                                no-undef
   430:45   warning  'a24' is not defined                                no-undef
   431:15   warning  'a21' is not defined                                no-undef
   431:45   warning  'a24' is not defined                                no-undef
   432:15   warning  'a21' is not defined                                no-undef
   432:45   warning  'a24' is not defined                                no-undef
   433:15   warning  'a21' is not defined                                no-undef
   433:45   warning  'a24' is not defined                                no-undef
   435:15   warning  'a31' is not defined                                no-undef
   435:25   warning  'a32' is not defined                                no-undef
   435:35   warning  'a33' is not defined                                no-undef
   435:45   warning  'a34' is not defined                                no-undef
   436:15   warning  'a31' is not defined                                no-undef
   436:25   warning  'a32' is not defined                                no-undef
   436:35   warning  'a33' is not defined                                no-undef
   436:45   warning  'a34' is not defined                                no-undef
   437:15   warning  'a31' is not defined                                no-undef
   437:25   warning  'a32' is not defined                                no-undef
   437:35   warning  'a33' is not defined                                no-undef
   437:45   warning  'a34' is not defined                                no-undef
   438:15   warning  'a31' is not defined                                no-undef
   438:25   warning  'a32' is not defined                                no-undef
   438:35   warning  'a33' is not defined                                no-undef
   438:45   warning  'a34' is not defined                                no-undef
   440:15   warning  'a41' is not defined                                no-undef
   440:45   warning  'a44' is not defined                                no-undef
   441:15   warning  'a41' is not defined                                no-undef
   441:45   warning  'a44' is not defined                                no-undef
   442:15   warning  'a41' is not defined                                no-undef
   442:45   warning  'a44' is not defined                                no-undef
   443:15   warning  'a41' is not defined                                no-undef
   443:45   warning  'a44' is not defined                                no-undef
   447:13   warning  'math' is not defined                               no-undef
   447:25   warning  'math' is not defined                               no-undef
   447:36   warning  'math' is not defined                               no-undef
   447:50   warning  'b1' is not defined                                 no-undef
   447:66   warning  'b3' is not defined                                 no-undef
   447:69   warning  'a13' is not defined                                no-undef
   447:77   warning  'a14' is not defined                                no-undef
   448:13   warning  'math' is not defined                               no-undef
   448:25   warning  'math' is not defined                               no-undef
   448:36   warning  'math' is not defined                               no-undef
   448:50   warning  'b1' is not defined                                 no-undef
   448:53   warning  'a21' is not defined                                no-undef
   448:66   warning  'b3' is not defined                                 no-undef
   448:77   warning  'a24' is not defined                                no-undef
   449:13   warning  'math' is not defined                               no-undef
   449:25   warning  'math' is not defined                               no-undef
   449:36   warning  'math' is not defined                               no-undef
   449:50   warning  'b1' is not defined                                 no-undef
   449:53   warning  'a31' is not defined                                no-undef
   449:61   warning  'a32' is not defined                                no-undef
   449:66   warning  'b3' is not defined                                 no-undef
   449:69   warning  'a33' is not defined                                no-undef
   449:77   warning  'a34' is not defined                                no-undef
   450:13   warning  'math' is not defined                               no-undef
   450:25   warning  'math' is not defined                               no-undef
   450:36   warning  'math' is not defined                               no-undef
   450:50   warning  'b1' is not defined                                 no-undef
   450:53   warning  'a41' is not defined                                no-undef
   450:66   warning  'b3' is not defined                                 no-undef
   450:77   warning  'a44' is not defined                                no-undef
   454:14   warning  'math' is not defined                               no-undef
   454:26   warning  'math' is not defined                               no-undef
   454:37   warning  'math' is not defined                               no-undef
   454:51   warning  'b1' is not defined                                 no-undef
   454:69   warning  'b3' is not defined                                 no-undef
   455:14   warning  'math' is not defined                               no-undef
   455:26   warning  'math' is not defined                               no-undef
   455:37   warning  'math' is not defined                               no-undef
   455:51   warning  'b1' is not defined                                 no-undef
   455:69   warning  'b3' is not defined                                 no-undef
   456:14   warning  'math' is not defined                               no-undef
   456:26   warning  'math' is not defined                               no-undef
   456:37   warning  'math' is not defined                               no-undef
   456:51   warning  'b1' is not defined                                 no-undef
   456:69   warning  'b3' is not defined                                 no-undef
   457:14   warning  'math' is not defined                               no-undef
   457:26   warning  'math' is not defined                               no-undef
   457:37   warning  'math' is not defined                               no-undef
   457:51   warning  'b1' is not defined                                 no-undef
   457:69   warning  'b3' is not defined                                 no-undef
   461:15   warning  'math' is not defined                               no-undef
   461:27   warning  'math' is not defined                               no-undef
   461:38   warning  'math' is not defined                               no-undef
   461:52   warning  'b1' is not defined                                 no-undef
   461:72   warning  'b3' is not defined                                 no-undef
   462:15   warning  'math' is not defined                               no-undef
   462:27   warning  'math' is not defined                               no-undef
   462:38   warning  'math' is not defined                               no-undef
   462:52   warning  'b1' is not defined                                 no-undef
   462:72   warning  'b3' is not defined                                 no-undef
   463:15   warning  'math' is not defined                               no-undef
   463:27   warning  'math' is not defined                               no-undef
   463:38   warning  'math' is not defined                               no-undef
   463:52   warning  'b1' is not defined                                 no-undef
   463:72   warning  'b3' is not defined                                 no-undef
   464:15   warning  'math' is not defined                               no-undef
   464:27   warning  'math' is not defined                               no-undef
   464:38   warning  'math' is not defined                               no-undef
   464:52   warning  'b1' is not defined                                 no-undef
   464:72   warning  'b3' is not defined                                 no-undef
   467:11   warning  'math' is not defined                               no-undef
   467:24   warning  'b1' is not defined                                 no-undef
   467:32   warning  'b3' is not defined                                 no-undef
   468:12   warning  'math' is not defined                               no-undef
   469:13   warning  'math' is not defined                               no-undef
   470:14   warning  'math' is not defined                               no-undef
   481:12   warning  'math' is not defined                               no-undef
   481:26   warning  'b1' is not defined                                 no-undef
   481:72   warning  'b3' is not defined                                 no-undef
   483:146  warning  'b1' is not defined                                 no-undef
   483:232  warning  'b3' is not defined                                 no-undef
   485:13   warning  'math' is not defined                               no-undef
   485:25   warning  'math' is not defined                               no-undef
   485:36   warning  'math' is not defined                               no-undef
   485:50   warning  'math' is not defined                               no-undef
   493:3    warning  Mixed spaces and tabs                               no-mixed-spaces-and-tabs
   494:3    warning  Mixed spaces and tabs                               no-mixed-spaces-and-tabs
   495:3    warning  Mixed spaces and tabs                               no-mixed-spaces-and-tabs
   496:3    warning  Mixed spaces and tabs                               no-mixed-spaces-and-tabs
   497:3    warning  Mixed spaces and tabs                               no-mixed-spaces-and-tabs
   498:3    warning  Mixed spaces and tabs                               no-mixed-spaces-and-tabs
   499:3    warning  Mixed spaces and tabs                               no-mixed-spaces-and-tabs
   499:22   warning  'math' is not defined                               no-undef
   500:3    warning  Mixed spaces and tabs                               no-mixed-spaces-and-tabs
   508:3    warning  Mixed spaces and tabs                               no-mixed-spaces-and-tabs
   509:3    warning  Mixed spaces and tabs                               no-mixed-spaces-and-tabs
   509:18   warning  'math' is not defined                               no-undef
   510:3    warning  Mixed spaces and tabs                               no-mixed-spaces-and-tabs
   510:18   warning  'math' is not defined                               no-undef
   511:3    warning  Mixed spaces and tabs                               no-mixed-spaces-and-tabs
   511:18   warning  'math' is not defined                               no-undef
   512:3    warning  Mixed spaces and tabs                               no-mixed-spaces-and-tabs
   512:18   warning  'math' is not defined                               no-undef
   513:3    warning  Mixed spaces and tabs                               no-mixed-spaces-and-tabs
   514:3    warning  Mixed spaces and tabs                               no-mixed-spaces-and-tabs
   528:3    warning  Mixed spaces and tabs                               no-mixed-spaces-and-tabs
   529:3    warning  Mixed spaces and tabs                               no-mixed-spaces-and-tabs
   529:17   warning  'math' is not defined                               no-undef
   530:3    warning  Mixed spaces and tabs                               no-mixed-spaces-and-tabs
   530:17   warning  'math' is not defined                               no-undef
   531:3    warning  Mixed spaces and tabs                               no-mixed-spaces-and-tabs
   531:17   warning  'math' is not defined                               no-undef
   532:3    warning  Mixed spaces and tabs                               no-mixed-spaces-and-tabs
   532:17   warning  'math' is not defined                               no-undef
   533:3    warning  Mixed spaces and tabs                               no-mixed-spaces-and-tabs
   533:17   warning  'math' is not defined                               no-undef
   534:3    warning  Mixed spaces and tabs                               no-mixed-spaces-and-tabs
   534:17   warning  'math' is not defined                               no-undef
   535:3    warning  Mixed spaces and tabs                               no-mixed-spaces-and-tabs
   536:3    warning  Mixed spaces and tabs                               no-mixed-spaces-and-tabs
   543:3    warning  Mixed spaces and tabs                               no-mixed-spaces-and-tabs
   544:3    warning  Mixed spaces and tabs                               no-mixed-spaces-and-tabs
   544:43   warning  'math' is not defined                               no-undef
   544:52   warning  'math' is not defined                               no-undef
   544:75   warning  'math' is not defined                               no-undef
   544:102  warning  'math' is not defined                               no-undef
   544:111  warning  'math' is not defined                               no-undef
   544:134  warning  'math' is not defined                               no-undef
   544:157  warning  'math' is not defined                               no-undef
   544:166  warning  'math' is not defined                               no-undef
   544:189  warning  'math' is not defined                               no-undef
   544:216  warning  'math' is not defined                               no-undef
   544:225  warning  'math' is not defined                               no-undef
   544:248  warning  'math' is not defined                               no-undef
   545:3    warning  Mixed spaces and tabs                               no-mixed-spaces-and-tabs
   545:21   warning  'math' is not defined                               no-undef
   545:48   warning  'math' is not defined                               no-undef
   545:86   warning  'math' is not defined                               no-undef
   545:115  warning  'math' is not defined                               no-undef
   545:139  warning  'math' is not defined                               no-undef
   546:3    warning  Mixed spaces and tabs                               no-mixed-spaces-and-tabs
   546:17   warning  'math' is not defined                               no-undef
   547:3    warning  Mixed spaces and tabs                               no-mixed-spaces-and-tabs
   548:3    warning  Mixed spaces and tabs                               no-mixed-spaces-and-tabs
   548:16   warning  'math' is not defined                               no-undef
   548:28   warning  'math' is not defined                               no-undef
   548:39   warning  'math' is not defined                               no-undef
   549:3    warning  Mixed spaces and tabs                               no-mixed-spaces-and-tabs
   549:16   warning  'math' is not defined                               no-undef
   549:28   warning  'math' is not defined                               no-undef
   549:39   warning  'math' is not defined                               no-undef
   550:3    warning  Mixed spaces and tabs                               no-mixed-spaces-and-tabs
   550:16   warning  'math' is not defined                               no-undef
   550:28   warning  'math' is not defined                               no-undef
   550:39   warning  'math' is not defined                               no-undef
   551:3    warning  Mixed spaces and tabs                               no-mixed-spaces-and-tabs
   551:16   warning  'math' is not defined                               no-undef
   551:28   warning  'math' is not defined                               no-undef
   551:39   warning  'math' is not defined                               no-undef
   552:3    warning  Mixed spaces and tabs                               no-mixed-spaces-and-tabs
   553:3    warning  Mixed spaces and tabs                               no-mixed-spaces-and-tabs
   554:3    warning  Mixed spaces and tabs                               no-mixed-spaces-and-tabs
   555:3    warning  Mixed spaces and tabs                               no-mixed-spaces-and-tabs
   556:3    warning  Mixed spaces and tabs                               no-mixed-spaces-and-tabs
   557:3    warning  Mixed spaces and tabs                               no-mixed-spaces-and-tabs
   558:3    warning  Mixed spaces and tabs                               no-mixed-spaces-and-tabs
   574:3    warning  Mixed spaces and tabs                               no-mixed-spaces-and-tabs
   575:3    warning  Mixed spaces and tabs                               no-mixed-spaces-and-tabs
   575:15   warning  'math' is not defined                               no-undef
   576:3    warning  Mixed spaces and tabs                               no-mixed-spaces-and-tabs
   577:3    warning  Mixed spaces and tabs                               no-mixed-spaces-and-tabs
   578:3    warning  Mixed spaces and tabs                               no-mixed-spaces-and-tabs
   579:3    warning  Mixed spaces and tabs                               no-mixed-spaces-and-tabs
   580:3    warning  Mixed spaces and tabs                               no-mixed-spaces-and-tabs
   580:17   warning  'math' is not defined                               no-undef
   580:41   warning  'a13' is not defined                                no-undef
   580:46   warning  'a14' is not defined                                no-undef
   580:54   warning  'math' is not defined                               no-undef
   580:76   warning  'math' is not defined                               no-undef
   580:90   warning  'math' is not defined                               no-undef
   580:113  warning  'math' is not defined                               no-undef
   580:127  warning  'math' is not defined                               no-undef
   580:151  warning  'math' is not defined                               no-undef
   580:175  warning  'a31' is not defined                                no-undef
   580:180  warning  'a32' is not defined                                no-undef
   580:185  warning  'a33' is not defined                                no-undef
   580:190  warning  'a34' is not defined                                no-undef
   580:198  warning  'math' is not defined                               no-undef
   580:220  warning  'math' is not defined                               no-undef
   580:234  warning  'math' is not defined                               no-undef
   580:257  warning  'math' is not defined                               no-undef
   580:271  warning  'math' is not defined                               no-undef
   580:295  warning  'math' is not defined                               no-undef
   580:319  warning  Unnecessary semicolon                               no-extra-semi
   581:3    warning  Mixed spaces and tabs                               no-mixed-spaces-and-tabs
   582:3    warning  Mixed spaces and tabs                               no-mixed-spaces-and-tabs
   582:18   warning  'math' is not defined                               no-undef
   583:3    warning  Mixed spaces and tabs                               no-mixed-spaces-and-tabs
   583:19   warning  'math' is not defined                               no-undef
   584:3    warning  Mixed spaces and tabs                               no-mixed-spaces-and-tabs
   585:3    warning  Mixed spaces and tabs                               no-mixed-spaces-and-tabs
   585:15   warning  'math' is not defined                               no-undef
   585:27   warning  'math' is not defined                               no-undef
   585:38   warning  'math' is not defined                               no-undef
   585:52   warning  'math' is not defined                               no-undef
   586:3    warning  Mixed spaces and tabs                               no-mixed-spaces-and-tabs
   587:3    warning  Mixed spaces and tabs                               no-mixed-spaces-and-tabs
   588:3    warning  Mixed spaces and tabs                               no-mixed-spaces-and-tabs
   589:3    warning  Mixed spaces and tabs                               no-mixed-spaces-and-tabs
   590:3    warning  Mixed spaces and tabs                               no-mixed-spaces-and-tabs
   591:3    warning  Mixed spaces and tabs                               no-mixed-spaces-and-tabs
   592:3    warning  Mixed spaces and tabs                               no-mixed-spaces-and-tabs
   593:3    warning  Mixed spaces and tabs                               no-mixed-spaces-and-tabs
   594:3    warning  Mixed spaces and tabs                               no-mixed-spaces-and-tabs
   595:3    warning  Mixed spaces and tabs                               no-mixed-spaces-and-tabs
   595:18   warning  'math' is not defined                               no-undef
   596:3    warning  Mixed spaces and tabs                               no-mixed-spaces-and-tabs
   596:20   warning  'math' is not defined                               no-undef
   597:3    warning  Mixed spaces and tabs                               no-mixed-spaces-and-tabs
   597:21   warning  'math' is not defined                               no-undef
   598:3    warning  Mixed spaces and tabs                               no-mixed-spaces-and-tabs
   599:3    warning  Mixed spaces and tabs                               no-mixed-spaces-and-tabs
   599:7    warning  'DCharEq' is not defined                            no-undef
   600:3    warning  Mixed spaces and tabs                               no-mixed-spaces-and-tabs
   600:53   warning  'DCharEq' is not defined                            no-undef
   601:3    warning  Mixed spaces and tabs                               no-mixed-spaces-and-tabs
   602:3    warning  Mixed spaces and tabs                               no-mixed-spaces-and-tabs
   603:3    warning  Mixed spaces and tabs                               no-mixed-spaces-and-tabs
   603:11   warning  'b2b4' is assigned a value but never used           no-unused-vars
   603:18   warning  'math' is not defined                               no-undef
   603:30   warning  'math' is not defined                               no-undef
   603:41   warning  'math' is not defined                               no-undef
   603:55   warning  'math' is not defined                               no-undef
   604:3    warning  Mixed spaces and tabs                               no-mixed-spaces-and-tabs
   604:19   warning  'math' is not defined                               no-undef
   604:31   warning  'math' is not defined                               no-undef
   604:42   warning  'math' is not defined                               no-undef
   604:56   warning  'math' is not defined                               no-undef
   605:3    warning  Mixed spaces and tabs                               no-mixed-spaces-and-tabs
   605:19   warning  'math' is not defined                               no-undef
   605:31   warning  'math' is not defined                               no-undef
   605:42   warning  'math' is not defined                               no-undef
   605:56   warning  'math' is not defined                               no-undef
   606:3    warning  Mixed spaces and tabs                               no-mixed-spaces-and-tabs
   606:20   warning  'math' is not defined                               no-undef
   606:32   warning  'math' is not defined                               no-undef
   606:43   warning  'math' is not defined                               no-undef
   606:57   warning  'math' is not defined                               no-undef
   607:3    warning  Mixed spaces and tabs                               no-mixed-spaces-and-tabs
   607:19   warning  'math' is not defined                               no-undef
   607:31   warning  'math' is not defined                               no-undef
   607:42   warning  'math' is not defined                               no-undef
   607:56   warning  'math' is not defined                               no-undef
   608:3    warning  Mixed spaces and tabs                               no-mixed-spaces-and-tabs
   608:20   warning  'math' is not defined                               no-undef
   608:32   warning  'math' is not defined                               no-undef
   608:43   warning  'math' is not defined                               no-undef
   608:57   warning  'math' is not defined                               no-undef
   609:3    warning  Mixed spaces and tabs                               no-mixed-spaces-and-tabs
   609:19   warning  'math' is not defined                               no-undef
   609:31   warning  'math' is not defined                               no-undef
   609:42   warning  'math' is not defined                               no-undef
   609:56   warning  'math' is not defined                               no-undef
   610:3    warning  Mixed spaces and tabs                               no-mixed-spaces-and-tabs
   611:3    warning  Mixed spaces and tabs                               no-mixed-spaces-and-tabs
   611:25   warning  'math' is not defined                               no-undef
   612:3    warning  Mixed spaces and tabs                               no-mixed-spaces-and-tabs
   612:25   warning  'math' is not defined                               no-undef
   613:3    warning  Mixed spaces and tabs                               no-mixed-spaces-and-tabs
   613:27   warning  'math' is not defined                               no-undef
   614:3    warning  Mixed spaces and tabs                               no-mixed-spaces-and-tabs
   615:3    warning  Mixed spaces and tabs                               no-mixed-spaces-and-tabs
   616:3    warning  Mixed spaces and tabs                               no-mixed-spaces-and-tabs
   616:7    warning  'CharEq' is not defined                             no-undef
   617:3    warning  Mixed spaces and tabs                               no-mixed-spaces-and-tabs
   617:52   warning  'CharEq' is not defined                             no-undef
   618:3    warning  Mixed spaces and tabs                               no-mixed-spaces-and-tabs
   619:3    warning  Mixed spaces and tabs                               no-mixed-spaces-and-tabs
   620:3    warning  Mixed spaces and tabs                               no-mixed-spaces-and-tabs
   621:3    warning  Mixed spaces and tabs                               no-mixed-spaces-and-tabs
   622:3    warning  Mixed spaces and tabs                               no-mixed-spaces-and-tabs
   623:3    warning  Mixed spaces and tabs                               no-mixed-spaces-and-tabs
   624:3    warning  Mixed spaces and tabs                               no-mixed-spaces-and-tabs
   625:3    warning  Mixed spaces and tabs                               no-mixed-spaces-and-tabs
   626:3    warning  Mixed spaces and tabs                               no-mixed-spaces-and-tabs
   628:3    warning  Mixed spaces and tabs                               no-mixed-spaces-and-tabs
   629:3    warning  Mixed spaces and tabs                               no-mixed-spaces-and-tabs
   630:2    warning  Mixed spaces and tabs                               no-mixed-spaces-and-tabs
   631:3    warning  Mixed spaces and tabs                               no-mixed-spaces-and-tabs
   632:3    warning  Mixed spaces and tabs                               no-mixed-spaces-and-tabs
   633:4    warning  Mixed spaces and tabs                               no-mixed-spaces-and-tabs
   634:4    warning  Mixed spaces and tabs                               no-mixed-spaces-and-tabs
   635:3    warning  Mixed spaces and tabs                               no-mixed-spaces-and-tabs
   636:3    warning  Mixed spaces and tabs                               no-mixed-spaces-and-tabs
   637:1    warning  Mixed spaces and tabs                               no-mixed-spaces-and-tabs
   639:1    warning  Mixed spaces and tabs                               no-mixed-spaces-and-tabs
   644:1    warning  Mixed spaces and tabs                               no-mixed-spaces-and-tabs
   645:1    warning  Mixed spaces and tabs                               no-mixed-spaces-and-tabs
   651:10   warning  'showRank' is defined but never used                no-unused-vars
   655:10   warning  'showDetQc' is defined but never used               no-unused-vars
   659:10   warning  'showinfo' is defined but never used                no-unused-vars
   663:10   warning  'GVc' is defined but never used                     no-unused-vars
   700:1    warning  Mixed spaces and tabs                               no-mixed-spaces-and-tabs
   704:12   warning  'math' is not defined                               no-undef
   704:21   warning  'math' is not defined                               no-undef
   704:37   warning  'math' is not defined                               no-undef
   704:52   warning  'math' is not defined                               no-undef
   706:2    warning  Mixed spaces and tabs                               no-mixed-spaces-and-tabs
   706:15   warning  'math' is not defined                               no-undef
   706:27   warning  'math' is not defined                               no-undef
   706:38   warning  'math' is not defined                               no-undef
   706:52   warning  'math' is not defined                               no-undef
   706:65   warning  'math' is not defined                               no-undef
   706:79   warning  'math' is not defined                               no-undef
   706:90   warning  'math' is not defined                               no-undef
   708:12   warning  'math' is not defined                               no-undef
   708:24   warning  'math' is not defined                               no-undef
   708:35   warning  'math' is not defined                               no-undef
   708:49   warning  'math' is not defined                               no-undef
   708:61   warning  'math' is not defined                               no-undef
   708:104  warning  Unnecessary semicolon                               no-extra-semi
   709:11   warning  'math' is not defined                               no-undef
   709:23   warning  'math' is not defined                               no-undef
   709:34   warning  'math' is not defined                               no-undef
   709:48   warning  'math' is not defined                               no-undef
   709:60   warning  'math' is not defined                               no-undef
   709:71   warning  'math' is not defined                               no-undef
   709:111  warning  Unnecessary semicolon                               no-extra-semi
   711:12   warning  'math' is not defined                               no-undef
   711:24   warning  'math' is not defined                               no-undef
   711:35   warning  'math' is not defined                               no-undef
   711:49   warning  'math' is not defined                               no-undef
   711:62   warning  'math' is not defined                               no-undef
   711:101  warning  Unnecessary semicolon                               no-extra-semi
   712:12   warning  'math' is not defined                               no-undef
   712:24   warning  'math' is not defined                               no-undef
   712:35   warning  'math' is not defined                               no-undef
   712:49   warning  'math' is not defined                               no-undef
   712:61   warning  'math' is not defined                               no-undef
   712:70   warning  'math' is not defined                               no-undef
   712:93   warning  'math' is not defined                               no-undef
   712:135  warning  Unnecessary semicolon                               no-extra-semi
   713:11   warning  'math' is not defined                               no-undef
   713:23   warning  'math' is not defined                               no-undef
   713:34   warning  'math' is not defined                               no-undef
   713:48   warning  'math' is not defined                               no-undef
   713:60   warning  'math' is not defined                               no-undef
   713:97   warning  Unnecessary semicolon                               no-extra-semi
   715:12   warning  'a13' is not defined                                no-undef
   715:16   warning  'a14' is not defined                                no-undef
   715:20   warning  'a21' is not defined                                no-undef
   715:24   warning  'a24' is not defined                                no-undef
   715:28   warning  'a31' is not defined                                no-undef
   715:32   warning  'a32' is not defined                                no-undef
   715:36   warning  'a33' is not defined                                no-undef
   715:40   warning  'a41' is not defined                                no-undef
   715:44   warning  'a44' is not defined                                no-undef
   715:48   warning  'b1' is not defined                                 no-undef
   715:51   warning  'b3' is not defined                                 no-undef
   715:54   warning  'c12' is not defined                                no-undef
   715:58   warning  'c13' is not defined                                no-undef
   715:62   warning  'c14' is not defined                                no-undef
   715:66   warning  'c21' is not defined                                no-undef
   715:70   warning  'c22' is not defined                                no-undef
   715:74   warning  'c24' is not defined                                no-undef
   716:12   warning  'a34' is not defined                                no-undef
   716:16   warning  'c11' is not defined                                no-undef
   716:20   warning  'c23' is not defined                                no-undef
   718:8    warning  'mA' is assigned a value but never used             no-unused-vars
   718:13   warning  'math' is not defined                               no-undef
   718:37   warning  'a13' is not defined                                no-undef
   718:42   warning  'a14' is not defined                                no-undef
   718:49   warning  'a21' is not defined                                no-undef
   718:64   warning  'a24' is not defined                                no-undef
   718:71   warning  'a31' is not defined                                no-undef
   718:76   warning  'a32' is not defined                                no-undef
   718:81   warning  'a33' is not defined                                no-undef
   718:86   warning  'a34' is not defined                                no-undef
   718:93   warning  'a41' is not defined                                no-undef
   718:108  warning  'a44' is not defined                                no-undef
   719:23   warning  'math' is not defined                               no-undef
   719:37   warning  'c11' is not defined                                no-undef
   719:42   warning  'c12' is not defined                                no-undef
   719:47   warning  'c13' is not defined                                no-undef
   719:52   warning  'c14' is not defined                                no-undef
   720:13   warning  'math' is not defined                               no-undef
   720:27   warning  'b1' is not defined                                 no-undef
   720:39   warning  'b3' is not defined                                 no-undef
   722:26   warning  'a21' is not defined                                no-undef
   722:30   warning  'a13' is not defined                                no-undef
   722:34   warning  'a31' is not defined                                no-undef
   722:38   warning  'a14' is not defined                                no-undef
   722:42   warning  'a41' is not defined                                no-undef
   723:30   warning  'a13' is not defined                                no-undef
   723:34   warning  'a32' is not defined                                no-undef
   723:38   warning  'a14' is not defined                                no-undef
   724:18   warning  'a13' is not defined                                no-undef
   724:30   warning  'a13' is not defined                                no-undef
   724:34   warning  'a33' is not defined                                no-undef
   724:38   warning  'a14' is not defined                                no-undef
   725:18   warning  'a14' is not defined                                no-undef
   725:26   warning  'a24' is not defined                                no-undef
   725:30   warning  'a13' is not defined                                no-undef
   725:34   warning  'a34' is not defined                                no-undef
   725:38   warning  'a14' is not defined                                no-undef
   725:42   warning  'a44' is not defined                                no-undef
   727:14   warning  'a21' is not defined                                no-undef
   727:27   warning  'a21' is not defined                                no-undef
   727:36   warning  'a31' is not defined                                no-undef
   727:41   warning  'a24' is not defined                                no-undef
   727:45   warning  'a41' is not defined                                no-undef
   728:14   warning  'a21' is not defined                                no-undef
   728:36   warning  'a32' is not defined                                no-undef
   728:41   warning  'a24' is not defined                                no-undef
   729:14   warning  'a21' is not defined                                no-undef
   729:18   warning  'a13' is not defined                                no-undef
   729:36   warning  'a33' is not defined                                no-undef
   729:41   warning  'a24' is not defined                                no-undef
   730:14   warning  'a21' is not defined                                no-undef
   730:18   warning  'a14' is not defined                                no-undef
   730:27   warning  'a24' is not defined                                no-undef
   730:36   warning  'a34' is not defined                                no-undef
   730:41   warning  'a24' is not defined                                no-undef
   730:45   warning  'a44' is not defined                                no-undef
   732:14   warning  'a31' is not defined                                no-undef
   732:23   warning  'a32' is not defined                                no-undef
   732:27   warning  'a21' is not defined                                no-undef
   732:32   warning  'a33' is not defined                                no-undef
   732:36   warning  'a31' is not defined                                no-undef
   732:41   warning  'a34' is not defined                                no-undef
   732:45   warning  'a41' is not defined                                no-undef
   733:14   warning  'a31' is not defined                                no-undef
   733:23   warning  'a32' is not defined                                no-undef
   733:32   warning  'a33' is not defined                                no-undef
   733:36   warning  'a32' is not defined                                no-undef
   733:41   warning  'a34' is not defined                                no-undef
   734:14   warning  'a31' is not defined                                no-undef
   734:18   warning  'a13' is not defined                                no-undef
   734:23   warning  'a32' is not defined                                no-undef
   734:32   warning  'a33' is not defined                                no-undef
   734:36   warning  'a33' is not defined                                no-undef
   734:41   warning  'a34' is not defined                                no-undef
   735:14   warning  'a31' is not defined                                no-undef
   735:18   warning  'a14' is not defined                                no-undef
   735:23   warning  'a32' is not defined                                no-undef
   735:27   warning  'a24' is not defined                                no-undef
   735:32   warning  'a33' is not defined                                no-undef
   735:36   warning  'a34' is not defined                                no-undef
   735:41   warning  'a34' is not defined                                no-undef
   735:45   warning  'a44' is not defined                                no-undef
   737:14   warning  'a41' is not defined                                no-undef
   737:27   warning  'a21' is not defined                                no-undef
   737:36   warning  'a31' is not defined                                no-undef
   737:41   warning  'a44' is not defined                                no-undef
   737:45   warning  'a41' is not defined                                no-undef
   738:14   warning  'a41' is not defined                                no-undef
   738:36   warning  'a32' is not defined                                no-undef
   738:41   warning  'a44' is not defined                                no-undef
   739:14   warning  'a41' is not defined                                no-undef
   739:18   warning  'a13' is not defined                                no-undef
   739:36   warning  'a33' is not defined                                no-undef
   739:41   warning  'a44' is not defined                                no-undef
   740:14   warning  'a41' is not defined                                no-undef
   740:18   warning  'a14' is not defined                                no-undef
   740:27   warning  'a24' is not defined                                no-undef
   740:36   warning  'a34' is not defined                                no-undef
   740:41   warning  'a44' is not defined                                no-undef
   740:45   warning  'a44' is not defined                                no-undef
   744:33   warning  'a13' is not defined                                no-undef
   744:42   warning  'a14' is not defined                                no-undef
   745:33   warning  'a13' is not defined                                no-undef
   745:42   warning  'a14' is not defined                                no-undef
   746:33   warning  'a13' is not defined                                no-undef
   746:42   warning  'a14' is not defined                                no-undef
   747:33   warning  'a13' is not defined                                no-undef
   747:42   warning  'a14' is not defined                                no-undef
   749:15   warning  'a21' is not defined                                no-undef
   749:45   warning  'a24' is not defined                                no-undef
   750:15   warning  'a21' is not defined                                no-undef
   750:45   warning  'a24' is not defined                                no-undef
   751:15   warning  'a21' is not defined                                no-undef
   751:45   warning  'a24' is not defined                                no-undef
   752:15   warning  'a21' is not defined                                no-undef
   752:45   warning  'a24' is not defined                                no-undef
   754:15   warning  'a31' is not defined                                no-undef
   754:25   warning  'a32' is not defined                                no-undef
   754:35   warning  'a33' is not defined                                no-undef
   754:45   warning  'a34' is not defined                                no-undef
   755:15   warning  'a31' is not defined                                no-undef
   755:25   warning  'a32' is not defined                                no-undef
   755:35   warning  'a33' is not defined                                no-undef
   755:45   warning  'a34' is not defined                                no-undef
   756:15   warning  'a31' is not defined                                no-undef
   756:25   warning  'a32' is not defined                                no-undef
   756:35   warning  'a33' is not defined                                no-undef
   756:45   warning  'a34' is not defined                                no-undef
   757:15   warning  'a31' is not defined                                no-undef
   757:25   warning  'a32' is not defined                                no-undef
   757:35   warning  'a33' is not defined                                no-undef
   757:45   warning  'a34' is not defined                                no-undef
   759:15   warning  'a41' is not defined                                no-undef
   759:45   warning  'a44' is not defined                                no-undef
   760:15   warning  'a41' is not defined                                no-undef
   760:45   warning  'a44' is not defined                                no-undef
   761:15   warning  'a41' is not defined                                no-undef
   761:45   warning  'a44' is not defined                                no-undef
   762:15   warning  'a41' is not defined                                no-undef
   762:45   warning  'a44' is not defined                                no-undef
   766:13   warning  'math' is not defined                               no-undef
   766:25   warning  'math' is not defined                               no-undef
   766:36   warning  'math' is not defined                               no-undef
   766:50   warning  'b1' is not defined                                 no-undef
   766:66   warning  'b3' is not defined                                 no-undef
   766:69   warning  'a13' is not defined                                no-undef
   766:77   warning  'a14' is not defined                                no-undef
   767:13   warning  'math' is not defined                               no-undef
   767:25   warning  'math' is not defined                               no-undef
   767:36   warning  'math' is not defined                               no-undef
   767:50   warning  'b1' is not defined                                 no-undef
   767:53   warning  'a21' is not defined                                no-undef
   767:66   warning  'b3' is not defined                                 no-undef
   767:77   warning  'a24' is not defined                                no-undef
   768:13   warning  'math' is not defined                               no-undef
   768:25   warning  'math' is not defined                               no-undef
   768:36   warning  'math' is not defined                               no-undef
   768:50   warning  'b1' is not defined                                 no-undef
   768:53   warning  'a31' is not defined                                no-undef
   768:61   warning  'a32' is not defined                                no-undef
   768:66   warning  'b3' is not defined                                 no-undef
   768:69   warning  'a33' is not defined                                no-undef
   768:77   warning  'a34' is not defined                                no-undef
   769:13   warning  'math' is not defined                               no-undef
   769:25   warning  'math' is not defined                               no-undef
   769:36   warning  'math' is not defined                               no-undef
   769:50   warning  'b1' is not defined                                 no-undef
   769:53   warning  'a41' is not defined                                no-undef
   769:66   warning  'b3' is not defined                                 no-undef
   769:77   warning  'a44' is not defined                                no-undef
   773:14   warning  'math' is not defined                               no-undef
   773:26   warning  'math' is not defined                               no-undef
   773:37   warning  'math' is not defined                               no-undef
   773:51   warning  'b1' is not defined                                 no-undef
   773:69   warning  'b3' is not defined                                 no-undef
   774:14   warning  'math' is not defined                               no-undef
   774:26   warning  'math' is not defined                               no-undef
   774:37   warning  'math' is not defined                               no-undef
   774:51   warning  'b1' is not defined                                 no-undef
   774:69   warning  'b3' is not defined                                 no-undef
   775:14   warning  'math' is not defined                               no-undef
   775:26   warning  'math' is not defined                               no-undef
   775:37   warning  'math' is not defined                               no-undef
   775:51   warning  'b1' is not defined                                 no-undef
   775:69   warning  'b3' is not defined                                 no-undef
   776:14   warning  'math' is not defined                               no-undef
   776:26   warning  'math' is not defined                               no-undef
   776:37   warning  'math' is not defined                               no-undef
   776:51   warning  'b1' is not defined                                 no-undef
   776:69   warning  'b3' is not defined                                 no-undef
   780:15   warning  'math' is not defined                               no-undef
   780:27   warning  'math' is not defined                               no-undef
   780:38   warning  'math' is not defined                               no-undef
   780:52   warning  'b1' is not defined                                 no-undef
   780:72   warning  'b3' is not defined                                 no-undef
   781:15   warning  'math' is not defined                               no-undef
   781:27   warning  'math' is not defined                               no-undef
   781:38   warning  'math' is not defined                               no-undef
   781:52   warning  'b1' is not defined                                 no-undef
   781:72   warning  'b3' is not defined                                 no-undef
   782:15   warning  'math' is not defined                               no-undef
   782:27   warning  'math' is not defined                               no-undef
   782:38   warning  'math' is not defined                               no-undef
   782:52   warning  'b1' is not defined                                 no-undef
   782:72   warning  'b3' is not defined                                 no-undef
   783:15   warning  'math' is not defined                               no-undef
   783:27   warning  'math' is not defined                               no-undef
   783:38   warning  'math' is not defined                               no-undef
   783:52   warning  'b1' is not defined                                 no-undef
   783:72   warning  'b3' is not defined                                 no-undef
   786:8    warning  'B' is assigned a value but never used              no-unused-vars
   786:11   warning  'math' is not defined                               no-undef
   786:24   warning  'b1' is not defined                                 no-undef
   786:32   warning  'b3' is not defined                                 no-undef
   787:8    warning  'AB' is assigned a value but never used             no-unused-vars
   787:12   warning  'math' is not defined                               no-undef
   788:8    warning  'AAB' is assigned a value but never used            no-unused-vars
   788:13   warning  'math' is not defined                               no-undef
   789:8    warning  'AAAB' is assigned a value but never used           no-unused-vars
   789:14   warning  'math' is not defined                               no-undef
   800:12   warning  'math' is not defined                               no-undef
   800:26   warning  'b1' is not defined                                 no-undef
   800:72   warning  'b3' is not defined                                 no-undef
   802:146  warning  'b1' is not defined                                 no-undef
   802:232  warning  'b3' is not defined                                 no-undef
   804:13   warning  'math' is not defined                               no-undef
   804:25   warning  'math' is not defined                               no-undef
   804:36   warning  'math' is not defined                               no-undef
   804:50   warning  'math' is not defined                               no-undef
   812:3    warning  Mixed spaces and tabs                               no-mixed-spaces-and-tabs
   813:3    warning  Mixed spaces and tabs                               no-mixed-spaces-and-tabs
   814:3    warning  Mixed spaces and tabs                               no-mixed-spaces-and-tabs
   815:3    warning  Mixed spaces and tabs                               no-mixed-spaces-and-tabs
   816:3    warning  Mixed spaces and tabs                               no-mixed-spaces-and-tabs
   817:3    warning  Mixed spaces and tabs                               no-mixed-spaces-and-tabs
   818:3    warning  Mixed spaces and tabs                               no-mixed-spaces-and-tabs
   818:22   warning  'math' is not defined                               no-undef
   819:3    warning  Mixed spaces and tabs                               no-mixed-spaces-and-tabs
   827:3    warning  Mixed spaces and tabs                               no-mixed-spaces-and-tabs
   828:3    warning  Mixed spaces and tabs                               no-mixed-spaces-and-tabs
   828:18   warning  'math' is not defined                               no-undef
   829:3    warning  Mixed spaces and tabs                               no-mixed-spaces-and-tabs
   829:18   warning  'math' is not defined                               no-undef
   830:3    warning  Mixed spaces and tabs                               no-mixed-spaces-and-tabs
   830:18   warning  'math' is not defined                               no-undef
   831:3    warning  Mixed spaces and tabs                               no-mixed-spaces-and-tabs
   831:18   warning  'math' is not defined                               no-undef
   832:3    warning  Mixed spaces and tabs                               no-mixed-spaces-and-tabs
   833:3    warning  Mixed spaces and tabs                               no-mixed-spaces-and-tabs
   847:3    warning  Mixed spaces and tabs                               no-mixed-spaces-and-tabs
   848:3    warning  Mixed spaces and tabs                               no-mixed-spaces-and-tabs
   848:17   warning  'math' is not defined                               no-undef
   849:3    warning  Mixed spaces and tabs                               no-mixed-spaces-and-tabs
   849:17   warning  'math' is not defined                               no-undef
   850:3    warning  Mixed spaces and tabs                               no-mixed-spaces-and-tabs
   850:17   warning  'math' is not defined                               no-undef
   851:3    warning  Mixed spaces and tabs                               no-mixed-spaces-and-tabs
   851:17   warning  'math' is not defined                               no-undef
   852:3    warning  Mixed spaces and tabs                               no-mixed-spaces-and-tabs
   852:17   warning  'math' is not defined                               no-undef
   853:3    warning  Mixed spaces and tabs                               no-mixed-spaces-and-tabs
   853:17   warning  'math' is not defined                               no-undef
   854:3    warning  Mixed spaces and tabs                               no-mixed-spaces-and-tabs
   855:3    warning  Mixed spaces and tabs                               no-mixed-spaces-and-tabs
   862:3    warning  Mixed spaces and tabs                               no-mixed-spaces-and-tabs
   863:3    warning  Mixed spaces and tabs                               no-mixed-spaces-and-tabs
   863:43   warning  'math' is not defined                               no-undef
   863:52   warning  'math' is not defined                               no-undef
   863:75   warning  'math' is not defined                               no-undef
   863:102  warning  'math' is not defined                               no-undef
   863:111  warning  'math' is not defined                               no-undef
   863:134  warning  'math' is not defined                               no-undef
   863:157  warning  'math' is not defined                               no-undef
   863:166  warning  'math' is not defined                               no-undef
   863:189  warning  'math' is not defined                               no-undef
   863:216  warning  'math' is not defined                               no-undef
   863:225  warning  'math' is not defined                               no-undef
   863:248  warning  'math' is not defined                               no-undef
   864:3    warning  Mixed spaces and tabs                               no-mixed-spaces-and-tabs
   864:21   warning  'math' is not defined                               no-undef
   864:48   warning  'math' is not defined                               no-undef
   864:86   warning  'math' is not defined                               no-undef
   864:115  warning  'math' is not defined                               no-undef
   864:139  warning  'math' is not defined                               no-undef
   865:3    warning  Mixed spaces and tabs                               no-mixed-spaces-and-tabs
   865:17   warning  'math' is not defined                               no-undef
   866:3    warning  Mixed spaces and tabs                               no-mixed-spaces-and-tabs
   867:3    warning  Mixed spaces and tabs                               no-mixed-spaces-and-tabs
   867:16   warning  'math' is not defined                               no-undef
   867:28   warning  'math' is not defined                               no-undef
   867:39   warning  'math' is not defined                               no-undef
   868:3    warning  Mixed spaces and tabs                               no-mixed-spaces-and-tabs
   868:16   warning  'math' is not defined                               no-undef
   868:28   warning  'math' is not defined                               no-undef
   868:39   warning  'math' is not defined                               no-undef
   869:3    warning  Mixed spaces and tabs                               no-mixed-spaces-and-tabs
   869:16   warning  'math' is not defined                               no-undef
   869:28   warning  'math' is not defined                               no-undef
   869:39   warning  'math' is not defined                               no-undef
   870:3    warning  Mixed spaces and tabs                               no-mixed-spaces-and-tabs
   870:16   warning  'math' is not defined                               no-undef
   870:28   warning  'math' is not defined                               no-undef
   870:39   warning  'math' is not defined                               no-undef
   871:3    warning  Mixed spaces and tabs                               no-mixed-spaces-and-tabs
   872:3    warning  Mixed spaces and tabs                               no-mixed-spaces-and-tabs
   873:3    warning  Mixed spaces and tabs                               no-mixed-spaces-and-tabs
   874:3    warning  Mixed spaces and tabs                               no-mixed-spaces-and-tabs
   875:3    warning  Mixed spaces and tabs                               no-mixed-spaces-and-tabs
   876:3    warning  Mixed spaces and tabs                               no-mixed-spaces-and-tabs
   877:3    warning  Mixed spaces and tabs                               no-mixed-spaces-and-tabs
   893:3    warning  Mixed spaces and tabs                               no-mixed-spaces-and-tabs
   894:3    warning  Mixed spaces and tabs                               no-mixed-spaces-and-tabs
   894:15   warning  'math' is not defined                               no-undef
   895:3    warning  Mixed spaces and tabs                               no-mixed-spaces-and-tabs
   896:3    warning  Mixed spaces and tabs                               no-mixed-spaces-and-tabs
   897:3    warning  Mixed spaces and tabs                               no-mixed-spaces-and-tabs
   898:3    warning  Mixed spaces and tabs                               no-mixed-spaces-and-tabs
   899:3    warning  Mixed spaces and tabs                               no-mixed-spaces-and-tabs
   899:17   warning  'math' is not defined                               no-undef
   899:41   warning  'a13' is not defined                                no-undef
   899:46   warning  'a14' is not defined                                no-undef
   899:54   warning  'math' is not defined                               no-undef
   899:76   warning  'math' is not defined                               no-undef
   899:90   warning  'math' is not defined                               no-undef
   899:113  warning  'math' is not defined                               no-undef
   899:127  warning  'math' is not defined                               no-undef
   899:151  warning  'math' is not defined                               no-undef
   899:175  warning  'a31' is not defined                                no-undef
   899:180  warning  'a32' is not defined                                no-undef
   899:185  warning  'a33' is not defined                                no-undef
   899:190  warning  'a34' is not defined                                no-undef
   899:198  warning  'math' is not defined                               no-undef
   899:220  warning  'math' is not defined                               no-undef
   899:234  warning  'math' is not defined                               no-undef
   899:257  warning  'math' is not defined                               no-undef
   899:271  warning  'math' is not defined                               no-undef
   899:295  warning  'math' is not defined                               no-undef
   899:319  warning  Unnecessary semicolon                               no-extra-semi
   900:3    warning  Mixed spaces and tabs                               no-mixed-spaces-and-tabs
   901:3    warning  Mixed spaces and tabs                               no-mixed-spaces-and-tabs
   901:18   warning  'math' is not defined                               no-undef
   902:3    warning  Mixed spaces and tabs                               no-mixed-spaces-and-tabs
   902:19   warning  'math' is not defined                               no-undef
   903:3    warning  Mixed spaces and tabs                               no-mixed-spaces-and-tabs
   904:3    warning  Mixed spaces and tabs                               no-mixed-spaces-and-tabs
   904:15   warning  'math' is not defined                               no-undef
   904:27   warning  'math' is not defined                               no-undef
   904:38   warning  'math' is not defined                               no-undef
   904:52   warning  'math' is not defined                               no-undef
   905:3    warning  Mixed spaces and tabs                               no-mixed-spaces-and-tabs
   906:3    warning  Mixed spaces and tabs                               no-mixed-spaces-and-tabs
   907:3    warning  Mixed spaces and tabs                               no-mixed-spaces-and-tabs
   908:3    warning  Mixed spaces and tabs                               no-mixed-spaces-and-tabs
   909:3    warning  Mixed spaces and tabs                               no-mixed-spaces-and-tabs
   910:3    warning  Mixed spaces and tabs                               no-mixed-spaces-and-tabs
   911:3    warning  Mixed spaces and tabs                               no-mixed-spaces-and-tabs
   912:3    warning  Mixed spaces and tabs                               no-mixed-spaces-and-tabs
   913:3    warning  Mixed spaces and tabs                               no-mixed-spaces-and-tabs
   914:3    warning  Mixed spaces and tabs                               no-mixed-spaces-and-tabs
   916:1    warning  Mixed spaces and tabs                               no-mixed-spaces-and-tabs
   919:17   warning  'yop' is assigned a value but never used            no-unused-vars
   920:1    warning  Mixed spaces and tabs                               no-mixed-spaces-and-tabs
   921:1    warning  Mixed spaces and tabs                               no-mixed-spaces-and-tabs
   924:1    warning  Mixed spaces and tabs                               no-mixed-spaces-and-tabs
   928:1    warning  Mixed spaces and tabs                               no-mixed-spaces-and-tabs
   929:1    warning  Mixed spaces and tabs                               no-mixed-spaces-and-tabs
   930:2    warning  Mixed spaces and tabs                               no-mixed-spaces-and-tabs
   931:2    warning  Mixed spaces and tabs                               no-mixed-spaces-and-tabs
   931:16   warning  '$' is not defined                                  no-undef
   932:2    warning  Mixed spaces and tabs                               no-mixed-spaces-and-tabs
   933:1    warning  Mixed spaces and tabs                               no-mixed-spaces-and-tabs
   933:18   warning  'math' is not defined                               no-undef
   938:13   warning  'math' is not defined                               no-undef
   943:15   warning  '$' is not defined                                  no-undef
   945:1    warning  Mixed spaces and tabs                               no-mixed-spaces-and-tabs
   945:22   warning  'math' is not defined                               no-undef
   947:1    warning  Mixed spaces and tabs                               no-mixed-spaces-and-tabs
   949:2    warning  Mixed spaces and tabs                               no-mixed-spaces-and-tabs
   949:18   warning  'math' is not defined                               no-undef
   952:3    warning  Mixed spaces and tabs                               no-mixed-spaces-and-tabs
   958:8    warning  'y1_up' is assigned a value but never used          no-unused-vars
   959:8    warning  'y2_up' is assigned a value but never used          no-unused-vars
   963:11   warning  Mixed spaces and tabs                               no-mixed-spaces-and-tabs
   964:10   warning  Mixed spaces and tabs                               no-mixed-spaces-and-tabs
   965:8    warning  Mixed spaces and tabs                               no-mixed-spaces-and-tabs
   966:1    warning  Mixed spaces and tabs                               no-mixed-spaces-and-tabs
   974:16   warning  'a13' is not defined                                no-undef
   975:16   warning  'a14' is not defined                                no-undef
   977:16   warning  'a21' is not defined                                no-undef
   980:16   warning  'a24' is not defined                                no-undef
   982:16   warning  'a31' is not defined                                no-undef
   983:16   warning  'a32' is not defined                                no-undef
   984:16   warning  'a33' is not defined                                no-undef
   985:16   warning  'a34' is not defined                                no-undef
   987:16   warning  'a41' is not defined                                no-undef
   990:16   warning  'a44' is not defined                                no-undef
   992:16   warning  'b1' is not defined                                 no-undef
   994:16   warning  'b3' is not defined                                 no-undef
   997:16   warning  'c11' is not defined                                no-undef
   998:16   warning  'c12' is not defined                                no-undef
   999:16   warning  'c13' is not defined                                no-undef
  1000:16   warning  'c14' is not defined                                no-undef
  1002:16   warning  'c21' is not defined                                no-undef
  1003:16   warning  'c22' is not defined                                no-undef
  1004:16   warning  'c23' is not defined                                no-undef
  1005:16   warning  'c24' is not defined                                no-undef
  1014:1    warning  Mixed spaces and tabs                               no-mixed-spaces-and-tabs
  1018:1    warning  Mixed spaces and tabs                               no-mixed-spaces-and-tabs
  1022:1    warning  Mixed spaces and tabs                               no-mixed-spaces-and-tabs
  1026:1    warning  Mixed spaces and tabs                               no-mixed-spaces-and-tabs
  1027:3    warning  Mixed spaces and tabs                               no-mixed-spaces-and-tabs
  1028:2    warning  Mixed spaces and tabs                               no-mixed-spaces-and-tabs
  1033:12   warning  'x_dot' is assigned to itself                       no-self-assign
  1037:3    warning  Mixed spaces and tabs                               no-mixed-spaces-and-tabs
  1038:3    warning  Mixed spaces and tabs                               no-mixed-spaces-and-tabs
  1038:14   warning  'math' is not defined                               no-undef
  1038:23   warning  'math' is not defined                               no-undef
  1038:47   warning  'math' is not defined                               no-undef
  1038:61   warning  'math' is not defined                               no-undef
  1038:75   warning  'math' is not defined                               no-undef
  1038:104  warning  'math' is not defined                               no-undef
  1038:118  warning  'math' is not defined                               no-undef
  1038:132  warning  'math' is not defined                               no-undef
  1038:162  warning  'math' is not defined                               no-undef
  1038:193  warning  'math' is not defined                               no-undef
  1040:3    warning  Mixed spaces and tabs                               no-mixed-spaces-and-tabs
  1041:3    warning  Mixed spaces and tabs                               no-mixed-spaces-and-tabs
  1042:3    warning  Mixed spaces and tabs                               no-mixed-spaces-and-tabs
  1042:14   warning  'x_dot1' is assigned to itself                      no-self-assign
  1046:3    warning  Mixed spaces and tabs                               no-mixed-spaces-and-tabs
  1047:14   warning  'math' is not defined                               no-undef
  1047:23   warning  'math' is not defined                               no-undef
  1047:48   warning  'math' is not defined                               no-undef
  1047:62   warning  'math' is not defined                               no-undef
  1047:76   warning  'math' is not defined                               no-undef
  1047:106  warning  'math' is not defined                               no-undef
  1047:120  warning  'math' is not defined                               no-undef
  1047:134  warning  'math' is not defined                               no-undef
  1047:165  warning  'math' is not defined                               no-undef
  1047:197  warning  'math' is not defined                               no-undef
  1049:3    warning  Mixed spaces and tabs                               no-mixed-spaces-and-tabs
  1054:16   warning  'theta_dot' is assigned to itself                   no-self-assign
  1058:3    warning  Mixed spaces and tabs                               no-mixed-spaces-and-tabs
  1059:3    warning  Mixed spaces and tabs                               no-mixed-spaces-and-tabs
  1059:18   warning  'math' is not defined                               no-undef
  1059:27   warning  'math' is not defined                               no-undef
  1059:51   warning  'math' is not defined                               no-undef
  1059:65   warning  'math' is not defined                               no-undef
  1059:79   warning  'math' is not defined                               no-undef
  1059:108  warning  'math' is not defined                               no-undef
  1059:122  warning  'math' is not defined                               no-undef
  1059:136  warning  'math' is not defined                               no-undef
  1059:166  warning  'math' is not defined                               no-undef
  1059:197  warning  'math' is not defined                               no-undef
  1060:3    warning  Mixed spaces and tabs                               no-mixed-spaces-and-tabs
  1061:3    warning  Mixed spaces and tabs                               no-mixed-spaces-and-tabs
  1062:3    warning  Mixed spaces and tabs                               no-mixed-spaces-and-tabs
  1063:3    warning  Mixed spaces and tabs                               no-mixed-spaces-and-tabs
  1063:18   warning  'theta_dot1' is assigned to itself                  no-self-assign
  1066:3    warning  Mixed spaces and tabs                               no-mixed-spaces-and-tabs
  1067:3    warning  Mixed spaces and tabs                               no-mixed-spaces-and-tabs
  1068:18   warning  'math' is not defined                               no-undef
  1068:27   warning  'math' is not defined                               no-undef
  1068:52   warning  'math' is not defined                               no-undef
  1068:66   warning  'math' is not defined                               no-undef
  1068:80   warning  'math' is not defined                               no-undef
  1068:110  warning  'math' is not defined                               no-undef
  1068:124  warning  'math' is not defined                               no-undef
  1068:138  warning  'math' is not defined                               no-undef
  1068:169  warning  'math' is not defined                               no-undef
  1068:201  warning  'math' is not defined                               no-undef
  1069:3    warning  Mixed spaces and tabs                               no-mixed-spaces-and-tabs
  1070:3    warning  Mixed spaces and tabs                               no-mixed-spaces-and-tabs
  1074:3    warning  Mixed spaces and tabs                               no-mixed-spaces-and-tabs
  1075:3    warning  Mixed spaces and tabs                               no-mixed-spaces-and-tabs
  1076:3    warning  Mixed spaces and tabs                               no-mixed-spaces-and-tabs
  1077:3    warning  Mixed spaces and tabs                               no-mixed-spaces-and-tabs
  1078:3    warning  Mixed spaces and tabs                               no-mixed-spaces-and-tabs
  1079:3    warning  Mixed spaces and tabs                               no-mixed-spaces-and-tabs
  1080:3    warning  Mixed spaces and tabs                               no-mixed-spaces-and-tabs
  1081:3    warning  Mixed spaces and tabs                               no-mixed-spaces-and-tabs
  1082:3    warning  Mixed spaces and tabs                               no-mixed-spaces-and-tabs
  1083:3    warning  Mixed spaces and tabs                               no-mixed-spaces-and-tabs
  1084:3    warning  Mixed spaces and tabs                               no-mixed-spaces-and-tabs
  1090:1    warning  Mixed spaces and tabs                               no-mixed-spaces-and-tabs
  1100:1    warning  Mixed spaces and tabs                               no-mixed-spaces-and-tabs
  1104:3    warning  Mixed spaces and tabs                               no-mixed-spaces-and-tabs
  1105:3    warning  Mixed spaces and tabs                               no-mixed-spaces-and-tabs
  1106:1    warning  Mixed spaces and tabs                               no-mixed-spaces-and-tabs
  1110:3    warning  Mixed spaces and tabs                               no-mixed-spaces-and-tabs
  1111:3    warning  Mixed spaces and tabs                               no-mixed-spaces-and-tabs
  1112:3    warning  Mixed spaces and tabs                               no-mixed-spaces-and-tabs
  1125:2    warning  Mixed spaces and tabs                               no-mixed-spaces-and-tabs
  1133:6    warning  'math' is not defined                               no-undef
  1139:19   warning  'CanvasJS' is not defined                           no-undef
  1142:1    warning  Mixed spaces and tabs                               no-mixed-spaces-and-tabs
  1143:1    warning  Mixed spaces and tabs                               no-mixed-spaces-and-tabs
  1144:2    warning  Mixed spaces and tabs                               no-mixed-spaces-and-tabs
  1145:1    warning  Mixed spaces and tabs                               no-mixed-spaces-and-tabs
  1147:1    warning  Mixed spaces and tabs                               no-mixed-spaces-and-tabs
  1149:1    warning  Mixed spaces and tabs                               no-mixed-spaces-and-tabs
  1150:1    warning  Mixed spaces and tabs                               no-mixed-spaces-and-tabs
  1158:1    warning  Mixed spaces and tabs                               no-mixed-spaces-and-tabs
  1159:2    warning  Mixed spaces and tabs                               no-mixed-spaces-and-tabs
  1177:1    warning  Mixed spaces and tabs                               no-mixed-spaces-and-tabs
  1183:1    warning  Mixed spaces and tabs                               no-mixed-spaces-and-tabs
  1184:1    warning  Mixed spaces and tabs                               no-mixed-spaces-and-tabs
  1185:1    warning  Mixed spaces and tabs                               no-mixed-spaces-and-tabs
  1193:19   warning  'CanvasJS' is not defined                           no-undef
  1196:1    warning  Mixed spaces and tabs                               no-mixed-spaces-and-tabs
  1197:1    warning  Mixed spaces and tabs                               no-mixed-spaces-and-tabs
  1198:2    warning  Mixed spaces and tabs                               no-mixed-spaces-and-tabs
  1199:1    warning  Mixed spaces and tabs                               no-mixed-spaces-and-tabs
  1201:1    warning  Mixed spaces and tabs                               no-mixed-spaces-and-tabs
  1203:1    warning  Mixed spaces and tabs                               no-mixed-spaces-and-tabs
  1204:1    warning  Mixed spaces and tabs                               no-mixed-spaces-and-tabs
  1212:1    warning  Mixed spaces and tabs                               no-mixed-spaces-and-tabs
  1213:2    warning  Mixed spaces and tabs                               no-mixed-spaces-and-tabs
  1234:1    warning  Mixed spaces and tabs                               no-mixed-spaces-and-tabs
  1242:1    warning  Mixed spaces and tabs                               no-mixed-spaces-and-tabs
  1243:1    warning  Mixed spaces and tabs                               no-mixed-spaces-and-tabs
  1252:3    warning  Mixed spaces and tabs                               no-mixed-spaces-and-tabs
  1253:3    warning  Mixed spaces and tabs                               no-mixed-spaces-and-tabs
  1254:3    warning  Mixed spaces and tabs                               no-mixed-spaces-and-tabs
  1255:3    warning  Mixed spaces and tabs                               no-mixed-spaces-and-tabs
  1257:3    warning  Mixed spaces and tabs                               no-mixed-spaces-and-tabs
  1258:3    warning  Mixed spaces and tabs                               no-mixed-spaces-and-tabs
  1259:2    warning  Mixed spaces and tabs                               no-mixed-spaces-and-tabs
  1260:3    warning  Mixed spaces and tabs                               no-mixed-spaces-and-tabs
  1261:3    warning  Mixed spaces and tabs                               no-mixed-spaces-and-tabs
  1262:4    warning  Mixed spaces and tabs                               no-mixed-spaces-and-tabs
  1263:4    warning  Mixed spaces and tabs                               no-mixed-spaces-and-tabs
  1264:3    warning  Mixed spaces and tabs                               no-mixed-spaces-and-tabs
  1265:3    warning  Mixed spaces and tabs                               no-mixed-spaces-and-tabs
  1299:1    warning  Mixed spaces and tabs                               no-mixed-spaces-and-tabs
  1303:12   warning  'math' is not defined                               no-undef
  1303:21   warning  'math' is not defined                               no-undef
  1303:37   warning  'math' is not defined                               no-undef
  1303:52   warning  'math' is not defined                               no-undef
  1305:2    warning  Mixed spaces and tabs                               no-mixed-spaces-and-tabs
  1305:15   warning  'math' is not defined                               no-undef
  1305:27   warning  'math' is not defined                               no-undef
  1305:38   warning  'math' is not defined                               no-undef
  1305:52   warning  'math' is not defined                               no-undef
  1305:65   warning  'math' is not defined                               no-undef
  1305:79   warning  'math' is not defined                               no-undef
  1305:90   warning  'math' is not defined                               no-undef
  1307:12   warning  'math' is not defined                               no-undef
  1307:24   warning  'math' is not defined                               no-undef
  1307:35   warning  'math' is not defined                               no-undef
  1307:49   warning  'math' is not defined                               no-undef
  1307:61   warning  'math' is not defined                               no-undef
  1307:104  warning  Unnecessary semicolon                               no-extra-semi
  1308:11   warning  'math' is not defined                               no-undef
  1308:23   warning  'math' is not defined                               no-undef
  1308:34   warning  'math' is not defined                               no-undef
  1308:48   warning  'math' is not defined                               no-undef
  1308:60   warning  'math' is not defined                               no-undef
  1308:71   warning  'math' is not defined                               no-undef
  1308:111  warning  Unnecessary semicolon                               no-extra-semi
  1310:12   warning  'math' is not defined                               no-undef
  1310:24   warning  'math' is not defined                               no-undef
  1310:35   warning  'math' is not defined                               no-undef
  1310:49   warning  'math' is not defined                               no-undef
  1310:62   warning  'math' is not defined                               no-undef
  1310:101  warning  Unnecessary semicolon                               no-extra-semi
  1311:12   warning  'math' is not defined                               no-undef
  1311:24   warning  'math' is not defined                               no-undef
  1311:35   warning  'math' is not defined                               no-undef
  1311:49   warning  'math' is not defined                               no-undef
  1311:61   warning  'math' is not defined                               no-undef
  1311:70   warning  'math' is not defined                               no-undef
  1311:93   warning  'math' is not defined                               no-undef
  1311:135  warning  Unnecessary semicolon                               no-extra-semi
  1312:11   warning  'math' is not defined                               no-undef
  1312:23   warning  'math' is not defined                               no-undef
  1312:34   warning  'math' is not defined                               no-undef
  1312:48   warning  'math' is not defined                               no-undef
  1312:60   warning  'math' is not defined                               no-undef
  1312:97   warning  Unnecessary semicolon                               no-extra-semi
  1314:12   warning  'a13' is not defined                                no-undef
  1314:16   warning  'a14' is not defined                                no-undef
  1314:20   warning  'a21' is not defined                                no-undef
  1314:24   warning  'a24' is not defined                                no-undef
  1314:28   warning  'a31' is not defined                                no-undef
  1314:32   warning  'a32' is not defined                                no-undef
  1314:36   warning  'a33' is not defined                                no-undef
  1314:40   warning  'a41' is not defined                                no-undef
  1314:44   warning  'a44' is not defined                                no-undef
  1314:48   warning  'b1' is not defined                                 no-undef
  1314:51   warning  'b3' is not defined                                 no-undef
  1314:54   warning  'c12' is not defined                                no-undef
  1314:58   warning  'c13' is not defined                                no-undef
  1314:62   warning  'c14' is not defined                                no-undef
  1314:66   warning  'c21' is not defined                                no-undef
  1314:70   warning  'c22' is not defined                                no-undef
  1314:74   warning  'c24' is not defined                                no-undef
  1315:12   warning  'a34' is not defined                                no-undef
  1315:16   warning  'c11' is not defined                                no-undef
  1315:20   warning  'c23' is not defined                                no-undef
  1317:8    warning  'mA' is assigned a value but never used             no-unused-vars
  1317:13   warning  'math' is not defined                               no-undef
  1317:37   warning  'a13' is not defined                                no-undef
  1317:42   warning  'a14' is not defined                                no-undef
  1317:49   warning  'a21' is not defined                                no-undef
  1317:64   warning  'a24' is not defined                                no-undef
  1317:71   warning  'a31' is not defined                                no-undef
  1317:76   warning  'a32' is not defined                                no-undef
  1317:81   warning  'a33' is not defined                                no-undef
  1317:86   warning  'a34' is not defined                                no-undef
  1317:93   warning  'a41' is not defined                                no-undef
  1317:108  warning  'a44' is not defined                                no-undef
  1318:23   warning  'math' is not defined                               no-undef
  1318:37   warning  'c11' is not defined                                no-undef
  1318:42   warning  'c12' is not defined                                no-undef
  1318:47   warning  'c13' is not defined                                no-undef
  1318:52   warning  'c14' is not defined                                no-undef
  1319:13   warning  'math' is not defined                               no-undef
  1319:27   warning  'b1' is not defined                                 no-undef
  1319:39   warning  'b3' is not defined                                 no-undef
  1321:26   warning  'a21' is not defined                                no-undef
  1321:30   warning  'a13' is not defined                                no-undef
  1321:34   warning  'a31' is not defined                                no-undef
  1321:38   warning  'a14' is not defined                                no-undef
  1321:42   warning  'a41' is not defined                                no-undef
  1322:30   warning  'a13' is not defined                                no-undef
  1322:34   warning  'a32' is not defined                                no-undef
  1322:38   warning  'a14' is not defined                                no-undef
  1323:18   warning  'a13' is not defined                                no-undef
  1323:30   warning  'a13' is not defined                                no-undef
  1323:34   warning  'a33' is not defined                                no-undef
  1323:38   warning  'a14' is not defined                                no-undef
  1324:18   warning  'a14' is not defined                                no-undef
  1324:26   warning  'a24' is not defined                                no-undef
  1324:30   warning  'a13' is not defined                                no-undef
  1324:34   warning  'a34' is not defined                                no-undef
  1324:38   warning  'a14' is not defined                                no-undef
  1324:42   warning  'a44' is not defined                                no-undef
  1326:14   warning  'a21' is not defined                                no-undef
  1326:27   warning  'a21' is not defined                                no-undef
  1326:36   warning  'a31' is not defined                                no-undef
  1326:41   warning  'a24' is not defined                                no-undef
  1326:45   warning  'a41' is not defined                                no-undef
  1327:14   warning  'a21' is not defined                                no-undef
  1327:36   warning  'a32' is not defined                                no-undef
  1327:41   warning  'a24' is not defined                                no-undef
  1328:14   warning  'a21' is not defined                                no-undef
  1328:18   warning  'a13' is not defined                                no-undef
  1328:36   warning  'a33' is not defined                                no-undef
  1328:41   warning  'a24' is not defined                                no-undef
  1329:14   warning  'a21' is not defined                                no-undef
  1329:18   warning  'a14' is not defined                                no-undef
  1329:27   warning  'a24' is not defined                                no-undef
  1329:36   warning  'a34' is not defined                                no-undef
  1329:41   warning  'a24' is not defined                                no-undef
  1329:45   warning  'a44' is not defined                                no-undef
  1331:14   warning  'a31' is not defined                                no-undef
  1331:23   warning  'a32' is not defined                                no-undef
  1331:27   warning  'a21' is not defined                                no-undef
  1331:32   warning  'a33' is not defined                                no-undef
  1331:36   warning  'a31' is not defined                                no-undef
  1331:41   warning  'a34' is not defined                                no-undef
  1331:45   warning  'a41' is not defined                                no-undef
  1332:14   warning  'a31' is not defined                                no-undef
  1332:23   warning  'a32' is not defined                                no-undef
  1332:32   warning  'a33' is not defined                                no-undef
  1332:36   warning  'a32' is not defined                                no-undef
  1332:41   warning  'a34' is not defined                                no-undef
  1333:14   warning  'a31' is not defined                                no-undef
  1333:18   warning  'a13' is not defined                                no-undef
  1333:23   warning  'a32' is not defined                                no-undef
  1333:32   warning  'a33' is not defined                                no-undef
  1333:36   warning  'a33' is not defined                                no-undef
  1333:41   warning  'a34' is not defined                                no-undef
  1334:14   warning  'a31' is not defined                                no-undef
  1334:18   warning  'a14' is not defined                                no-undef
  1334:23   warning  'a32' is not defined                                no-undef
  1334:27   warning  'a24' is not defined                                no-undef
  1334:32   warning  'a33' is not defined                                no-undef
  1334:36   warning  'a34' is not defined                                no-undef
  1334:41   warning  'a34' is not defined                                no-undef
  1334:45   warning  'a44' is not defined                                no-undef
  1336:14   warning  'a41' is not defined                                no-undef
  1336:27   warning  'a21' is not defined                                no-undef
  1336:36   warning  'a31' is not defined                                no-undef
  1336:41   warning  'a44' is not defined                                no-undef
  1336:45   warning  'a41' is not defined                                no-undef
  1337:14   warning  'a41' is not defined                                no-undef
  1337:36   warning  'a32' is not defined                                no-undef
  1337:41   warning  'a44' is not defined                                no-undef
  1338:14   warning  'a41' is not defined                                no-undef
  1338:18   warning  'a13' is not defined                                no-undef
  1338:36   warning  'a33' is not defined                                no-undef
  1338:41   warning  'a44' is not defined                                no-undef
  1339:14   warning  'a41' is not defined                                no-undef
  1339:18   warning  'a14' is not defined                                no-undef
  1339:27   warning  'a24' is not defined                                no-undef
  1339:36   warning  'a34' is not defined                                no-undef
  1339:41   warning  'a44' is not defined                                no-undef
  1339:45   warning  'a44' is not defined                                no-undef
  1343:33   warning  'a13' is not defined                                no-undef
  1343:42   warning  'a14' is not defined                                no-undef
  1344:33   warning  'a13' is not defined                                no-undef
  1344:42   warning  'a14' is not defined                                no-undef
  1345:33   warning  'a13' is not defined                                no-undef
  1345:42   warning  'a14' is not defined                                no-undef
  1346:33   warning  'a13' is not defined                                no-undef
  1346:42   warning  'a14' is not defined                                no-undef
  1348:15   warning  'a21' is not defined                                no-undef
  1348:45   warning  'a24' is not defined                                no-undef
  1349:15   warning  'a21' is not defined                                no-undef
  1349:45   warning  'a24' is not defined                                no-undef
  1350:15   warning  'a21' is not defined                                no-undef
  1350:45   warning  'a24' is not defined                                no-undef
  1351:15   warning  'a21' is not defined                                no-undef
  1351:45   warning  'a24' is not defined                                no-undef
  1353:15   warning  'a31' is not defined                                no-undef
  1353:25   warning  'a32' is not defined                                no-undef
  1353:35   warning  'a33' is not defined                                no-undef
  1353:45   warning  'a34' is not defined                                no-undef
  1354:15   warning  'a31' is not defined                                no-undef
  1354:25   warning  'a32' is not defined                                no-undef
  1354:35   warning  'a33' is not defined                                no-undef
  1354:45   warning  'a34' is not defined                                no-undef
  1355:15   warning  'a31' is not defined                                no-undef
  1355:25   warning  'a32' is not defined                                no-undef
  1355:35   warning  'a33' is not defined                                no-undef
  1355:45   warning  'a34' is not defined                                no-undef
  1356:15   warning  'a31' is not defined                                no-undef
  1356:25   warning  'a32' is not defined                                no-undef
  1356:35   warning  'a33' is not defined                                no-undef
  1356:45   warning  'a34' is not defined                                no-undef
  1358:15   warning  'a41' is not defined                                no-undef
  1358:45   warning  'a44' is not defined                                no-undef
  1359:15   warning  'a41' is not defined                                no-undef
  1359:45   warning  'a44' is not defined                                no-undef
  1360:15   warning  'a41' is not defined                                no-undef
  1360:45   warning  'a44' is not defined                                no-undef
  1361:15   warning  'a41' is not defined                                no-undef
  1361:45   warning  'a44' is not defined                                no-undef
  1365:13   warning  'math' is not defined                               no-undef
  1365:25   warning  'math' is not defined                               no-undef
  1365:36   warning  'math' is not defined                               no-undef
  1365:50   warning  'b1' is not defined                                 no-undef
  1365:66   warning  'b3' is not defined                                 no-undef
  1365:69   warning  'a13' is not defined                                no-undef
  1365:77   warning  'a14' is not defined                                no-undef
  1366:13   warning  'math' is not defined                               no-undef
  1366:25   warning  'math' is not defined                               no-undef
  1366:36   warning  'math' is not defined                               no-undef
  1366:50   warning  'b1' is not defined                                 no-undef
  1366:53   warning  'a21' is not defined                                no-undef
  1366:66   warning  'b3' is not defined                                 no-undef
  1366:77   warning  'a24' is not defined                                no-undef
  1367:13   warning  'math' is not defined                               no-undef
  1367:25   warning  'math' is not defined                               no-undef
  1367:36   warning  'math' is not defined                               no-undef
  1367:50   warning  'b1' is not defined                                 no-undef
  1367:53   warning  'a31' is not defined                                no-undef
  1367:61   warning  'a32' is not defined                                no-undef
  1367:66   warning  'b3' is not defined                                 no-undef
  1367:69   warning  'a33' is not defined                                no-undef
  1367:77   warning  'a34' is not defined                                no-undef
  1368:13   warning  'math' is not defined                               no-undef
  1368:25   warning  'math' is not defined                               no-undef
  1368:36   warning  'math' is not defined                               no-undef
  1368:50   warning  'b1' is not defined                                 no-undef
  1368:53   warning  'a41' is not defined                                no-undef
  1368:66   warning  'b3' is not defined                                 no-undef
  1368:77   warning  'a44' is not defined                                no-undef
  1372:14   warning  'math' is not defined                               no-undef
  1372:26   warning  'math' is not defined                               no-undef
  1372:37   warning  'math' is not defined                               no-undef
  1372:51   warning  'b1' is not defined                                 no-undef
  1372:69   warning  'b3' is not defined                                 no-undef
  1373:14   warning  'math' is not defined                               no-undef
  1373:26   warning  'math' is not defined                               no-undef
  1373:37   warning  'math' is not defined                               no-undef
  1373:51   warning  'b1' is not defined                                 no-undef
  1373:69   warning  'b3' is not defined                                 no-undef
  1374:14   warning  'math' is not defined                               no-undef
  1374:26   warning  'math' is not defined                               no-undef
  1374:37   warning  'math' is not defined                               no-undef
  1374:51   warning  'b1' is not defined                                 no-undef
  1374:69   warning  'b3' is not defined                                 no-undef
  1375:14   warning  'math' is not defined                               no-undef
  1375:26   warning  'math' is not defined                               no-undef
  1375:37   warning  'math' is not defined                               no-undef
  1375:51   warning  'b1' is not defined                                 no-undef
  1375:69   warning  'b3' is not defined                                 no-undef
  1379:15   warning  'math' is not defined                               no-undef
  1379:27   warning  'math' is not defined                               no-undef
  1379:38   warning  'math' is not defined                               no-undef
  1379:52   warning  'b1' is not defined                                 no-undef
  1379:72   warning  'b3' is not defined                                 no-undef
  1380:15   warning  'math' is not defined                               no-undef
  1380:27   warning  'math' is not defined                               no-undef
  1380:38   warning  'math' is not defined                               no-undef
  1380:52   warning  'b1' is not defined                                 no-undef
  1380:72   warning  'b3' is not defined                                 no-undef
  1381:15   warning  'math' is not defined                               no-undef
  1381:27   warning  'math' is not defined                               no-undef
  1381:38   warning  'math' is not defined                               no-undef
  1381:52   warning  'b1' is not defined                                 no-undef
  1381:72   warning  'b3' is not defined                                 no-undef
  1382:15   warning  'math' is not defined                               no-undef
  1382:27   warning  'math' is not defined                               no-undef
  1382:38   warning  'math' is not defined                               no-undef
  1382:52   warning  'b1' is not defined                                 no-undef
  1382:72   warning  'b3' is not defined                                 no-undef
  1385:8    warning  'B' is assigned a value but never used              no-unused-vars
  1385:11   warning  'math' is not defined                               no-undef
  1385:24   warning  'b1' is not defined                                 no-undef
  1385:32   warning  'b3' is not defined                                 no-undef
  1386:8    warning  'AB' is assigned a value but never used             no-unused-vars
  1386:12   warning  'math' is not defined                               no-undef
  1387:8    warning  'AAB' is assigned a value but never used            no-unused-vars
  1387:13   warning  'math' is not defined                               no-undef
  1388:8    warning  'AAAB' is assigned a value but never used           no-unused-vars
  1388:14   warning  'math' is not defined                               no-undef
  1390:12   warning  'math' is not defined                               no-undef
  1390:26   warning  'b1' is not defined                                 no-undef
  1390:72   warning  'b3' is not defined                                 no-undef
  1392:146  warning  'b1' is not defined                                 no-undef
  1392:232  warning  'b3' is not defined                                 no-undef
  1394:13   warning  'math' is not defined                               no-undef
  1394:25   warning  'math' is not defined                               no-undef
  1394:36   warning  'math' is not defined                               no-undef
  1394:50   warning  'math' is not defined                               no-undef
  1398:3    warning  Mixed spaces and tabs                               no-mixed-spaces-and-tabs
  1399:3    warning  Mixed spaces and tabs                               no-mixed-spaces-and-tabs
  1400:3    warning  Mixed spaces and tabs                               no-mixed-spaces-and-tabs
  1401:3    warning  Mixed spaces and tabs                               no-mixed-spaces-and-tabs
  1402:3    warning  Mixed spaces and tabs                               no-mixed-spaces-and-tabs
  1403:3    warning  Mixed spaces and tabs                               no-mixed-spaces-and-tabs
  1404:3    warning  Mixed spaces and tabs                               no-mixed-spaces-and-tabs
  1404:22   warning  'math' is not defined                               no-undef
  1405:3    warning  Mixed spaces and tabs                               no-mixed-spaces-and-tabs
  1406:3    warning  Mixed spaces and tabs                               no-mixed-spaces-and-tabs
  1406:18   warning  'math' is not defined                               no-undef
  1407:3    warning  Mixed spaces and tabs                               no-mixed-spaces-and-tabs
  1407:18   warning  'math' is not defined                               no-undef
  1408:3    warning  Mixed spaces and tabs                               no-mixed-spaces-and-tabs
  1408:18   warning  'math' is not defined                               no-undef
  1409:3    warning  Mixed spaces and tabs                               no-mixed-spaces-and-tabs
  1409:18   warning  'math' is not defined                               no-undef
  1410:3    warning  Mixed spaces and tabs                               no-mixed-spaces-and-tabs
  1411:3    warning  Mixed spaces and tabs                               no-mixed-spaces-and-tabs
  1411:17   warning  'math' is not defined                               no-undef
  1412:3    warning  Mixed spaces and tabs                               no-mixed-spaces-and-tabs
  1412:17   warning  'math' is not defined                               no-undef
  1413:3    warning  Mixed spaces and tabs                               no-mixed-spaces-and-tabs
  1413:17   warning  'math' is not defined                               no-undef
  1414:3    warning  Mixed spaces and tabs                               no-mixed-spaces-and-tabs
  1414:17   warning  'math' is not defined                               no-undef
  1415:3    warning  Mixed spaces and tabs                               no-mixed-spaces-and-tabs
  1415:17   warning  'math' is not defined                               no-undef
  1416:3    warning  Mixed spaces and tabs                               no-mixed-spaces-and-tabs
  1416:17   warning  'math' is not defined                               no-undef
  1417:3    warning  Mixed spaces and tabs                               no-mixed-spaces-and-tabs
  1418:3    warning  Mixed spaces and tabs                               no-mixed-spaces-and-tabs
  1418:43   warning  'math' is not defined                               no-undef
  1418:52   warning  'math' is not defined                               no-undef
  1418:75   warning  'math' is not defined                               no-undef
  1418:102  warning  'math' is not defined                               no-undef
  1418:111  warning  'math' is not defined                               no-undef
  1418:134  warning  'math' is not defined                               no-undef
  1418:157  warning  'math' is not defined                               no-undef
  1418:166  warning  'math' is not defined                               no-undef
  1418:189  warning  'math' is not defined                               no-undef
  1418:216  warning  'math' is not defined                               no-undef
  1418:225  warning  'math' is not defined                               no-undef
  1418:248  warning  'math' is not defined                               no-undef
  1419:3    warning  Mixed spaces and tabs                               no-mixed-spaces-and-tabs
  1419:21   warning  'math' is not defined                               no-undef
  1419:48   warning  'math' is not defined                               no-undef
  1419:86   warning  'math' is not defined                               no-undef
  1419:115  warning  'math' is not defined                               no-undef
  1419:139  warning  'math' is not defined                               no-undef
  1420:3    warning  Mixed spaces and tabs                               no-mixed-spaces-and-tabs
  1420:17   warning  'math' is not defined                               no-undef
  1421:3    warning  Mixed spaces and tabs                               no-mixed-spaces-and-tabs
  1422:3    warning  Mixed spaces and tabs                               no-mixed-spaces-and-tabs
  1422:16   warning  'math' is not defined                               no-undef
  1422:28   warning  'math' is not defined                               no-undef
  1422:39   warning  'math' is not defined                               no-undef
  1423:3    warning  Mixed spaces and tabs                               no-mixed-spaces-and-tabs
  1423:16   warning  'math' is not defined                               no-undef
  1423:28   warning  'math' is not defined                               no-undef
  1423:39   warning  'math' is not defined                               no-undef
  1424:3    warning  Mixed spaces and tabs                               no-mixed-spaces-and-tabs
  1424:16   warning  'math' is not defined                               no-undef
  1424:28   warning  'math' is not defined                               no-undef
  1424:39   warning  'math' is not defined                               no-undef
  1425:3    warning  Mixed spaces and tabs                               no-mixed-spaces-and-tabs
  1425:16   warning  'math' is not defined                               no-undef
  1425:28   warning  'math' is not defined                               no-undef
  1425:39   warning  'math' is not defined                               no-undef
  1426:3    warning  Mixed spaces and tabs                               no-mixed-spaces-and-tabs
  1427:3    warning  Mixed spaces and tabs                               no-mixed-spaces-and-tabs
  1427:15   warning  'math' is not defined                               no-undef
  1428:3    warning  Mixed spaces and tabs                               no-mixed-spaces-and-tabs
  1429:3    warning  Mixed spaces and tabs                               no-mixed-spaces-and-tabs
  1430:3    warning  Mixed spaces and tabs                               no-mixed-spaces-and-tabs
  1431:3    warning  Mixed spaces and tabs                               no-mixed-spaces-and-tabs
  1432:3    warning  Mixed spaces and tabs                               no-mixed-spaces-and-tabs
  1432:17   warning  'math' is not defined                               no-undef
  1432:41   warning  'a13' is not defined                                no-undef
  1432:46   warning  'a14' is not defined                                no-undef
  1432:54   warning  'math' is not defined                               no-undef
  1432:76   warning  'math' is not defined                               no-undef
  1432:90   warning  'math' is not defined                               no-undef
  1432:113  warning  'math' is not defined                               no-undef
  1432:127  warning  'math' is not defined                               no-undef
  1432:151  warning  'math' is not defined                               no-undef
  1432:175  warning  'a31' is not defined                                no-undef
  1432:180  warning  'a32' is not defined                                no-undef
  1432:185  warning  'a33' is not defined                                no-undef
  1432:190  warning  'a34' is not defined                                no-undef
  1432:198  warning  'math' is not defined                               no-undef
  1432:220  warning  'math' is not defined                               no-undef
  1432:234  warning  'math' is not defined                               no-undef
  1432:257  warning  'math' is not defined                               no-undef
  1432:271  warning  'math' is not defined                               no-undef
  1432:295  warning  'math' is not defined                               no-undef
  1432:319  warning  Unnecessary semicolon                               no-extra-semi
  1433:3    warning  Mixed spaces and tabs                               no-mixed-spaces-and-tabs
  1434:3    warning  Mixed spaces and tabs                               no-mixed-spaces-and-tabs
  1434:18   warning  'math' is not defined                               no-undef
  1435:3    warning  Mixed spaces and tabs                               no-mixed-spaces-and-tabs
  1435:19   warning  'math' is not defined                               no-undef
  1436:3    warning  Mixed spaces and tabs                               no-mixed-spaces-and-tabs
  1437:3    warning  Mixed spaces and tabs                               no-mixed-spaces-and-tabs
  1437:15   warning  'math' is not defined                               no-undef
  1437:27   warning  'math' is not defined                               no-undef
  1437:38   warning  'math' is not defined                               no-undef
  1437:52   warning  'math' is not defined                               no-undef
  1438:3    warning  Mixed spaces and tabs                               no-mixed-spaces-and-tabs
  1439:3    warning  Mixed spaces and tabs                               no-mixed-spaces-and-tabs
  1440:3    warning  Mixed spaces and tabs                               no-mixed-spaces-and-tabs
  1441:3    warning  Mixed spaces and tabs                               no-mixed-spaces-and-tabs
  1443:1    warning  Mixed spaces and tabs                               no-mixed-spaces-and-tabs
  1445:1    warning  Mixed spaces and tabs                               no-mixed-spaces-and-tabs
  1446:1    warning  Mixed spaces and tabs                               no-mixed-spaces-and-tabs
  1450:2    warning  Mixed spaces and tabs                               no-mixed-spaces-and-tabs
  1450:16   warning  '$' is not defined                                  no-undef
  1451:2    warning  Mixed spaces and tabs                               no-mixed-spaces-and-tabs
  1452:1    warning  Mixed spaces and tabs                               no-mixed-spaces-and-tabs
  1452:18   warning  'math' is not defined                               no-undef
  1456:15   warning  '$' is not defined                                  no-undef
  1458:1    warning  Mixed spaces and tabs                               no-mixed-spaces-and-tabs
  1458:22   warning  'math' is not defined                               no-undef
  1460:1    warning  Mixed spaces and tabs                               no-mixed-spaces-and-tabs
  1462:8    warning  'y1_up' is assigned a value but never used          no-unused-vars
  1463:8    warning  'y2_up' is assigned a value but never used          no-unused-vars
  1467:11   warning  Mixed spaces and tabs                               no-mixed-spaces-and-tabs
  1468:10   warning  Mixed spaces and tabs                               no-mixed-spaces-and-tabs
  1469:8    warning  Mixed spaces and tabs                               no-mixed-spaces-and-tabs
  1472:16   warning  'a13' is not defined                                no-undef
  1473:16   warning  'a14' is not defined                                no-undef
  1475:16   warning  'a21' is not defined                                no-undef
  1478:16   warning  'a24' is not defined                                no-undef
  1480:16   warning  'a31' is not defined                                no-undef
  1481:16   warning  'a32' is not defined                                no-undef
  1482:16   warning  'a33' is not defined                                no-undef
  1483:16   warning  'a34' is not defined                                no-undef
  1485:16   warning  'a41' is not defined                                no-undef
  1488:16   warning  'a44' is not defined                                no-undef
  1490:16   warning  'b1' is not defined                                 no-undef
  1492:16   warning  'b3' is not defined                                 no-undef
  1495:16   warning  'c11' is not defined                                no-undef
  1496:16   warning  'c12' is not defined                                no-undef
  1497:16   warning  'c13' is not defined                                no-undef
  1498:16   warning  'c14' is not defined                                no-undef
  1500:16   warning  'c21' is not defined                                no-undef
  1501:16   warning  'c22' is not defined                                no-undef
  1502:16   warning  'c23' is not defined                                no-undef
  1503:16   warning  'c24' is not defined                                no-undef
  1512:1    warning  Mixed spaces and tabs                               no-mixed-spaces-and-tabs
  1516:1    warning  Mixed spaces and tabs                               no-mixed-spaces-and-tabs
  1517:12   warning  'x_dot' is assigned to itself                       no-self-assign
  1520:3    warning  Mixed spaces and tabs                               no-mixed-spaces-and-tabs
  1520:14   warning  'math' is not defined                               no-undef
  1520:23   warning  'math' is not defined                               no-undef
  1520:47   warning  'math' is not defined                               no-undef
  1520:61   warning  'math' is not defined                               no-undef
  1520:75   warning  'math' is not defined                               no-undef
  1520:104  warning  'math' is not defined                               no-undef
  1520:118  warning  'math' is not defined                               no-undef
  1520:132  warning  'math' is not defined                               no-undef
  1520:162  warning  'math' is not defined                               no-undef
  1520:193  warning  'math' is not defined                               no-undef
  1522:16   warning  'theta_dot' is assigned to itself                   no-self-assign
  1524:3    warning  Mixed spaces and tabs                               no-mixed-spaces-and-tabs
  1524:18   warning  'math' is not defined                               no-undef
  1524:27   warning  'math' is not defined                               no-undef
  1524:51   warning  'math' is not defined                               no-undef
  1524:65   warning  'math' is not defined                               no-undef
  1524:79   warning  'math' is not defined                               no-undef
  1524:108  warning  'math' is not defined                               no-undef
  1524:122  warning  'math' is not defined                               no-undef
  1524:136  warning  'math' is not defined                               no-undef
  1524:166  warning  'math' is not defined                               no-undef
  1524:197  warning  'math' is not defined                               no-undef
  1525:3    warning  Mixed spaces and tabs                               no-mixed-spaces-and-tabs
  1527:3    warning  Mixed spaces and tabs                               no-mixed-spaces-and-tabs
  1528:3    warning  Mixed spaces and tabs                               no-mixed-spaces-and-tabs
  1529:3    warning  Mixed spaces and tabs                               no-mixed-spaces-and-tabs
  1530:3    warning  Mixed spaces and tabs                               no-mixed-spaces-and-tabs
  1531:3    warning  Mixed spaces and tabs                               no-mixed-spaces-and-tabs
  1537:1    warning  Mixed spaces and tabs                               no-mixed-spaces-and-tabs
  1543:6    warning  'math' is not defined                               no-undef
  1549:19   warning  'CanvasJS' is not defined                           no-undef
  1552:1    warning  Mixed spaces and tabs                               no-mixed-spaces-and-tabs
  1553:1    warning  Mixed spaces and tabs                               no-mixed-spaces-and-tabs
  1554:2    warning  Mixed spaces and tabs                               no-mixed-spaces-and-tabs
  1555:1    warning  Mixed spaces and tabs                               no-mixed-spaces-and-tabs
  1557:1    warning  Mixed spaces and tabs                               no-mixed-spaces-and-tabs
  1559:1    warning  Mixed spaces and tabs                               no-mixed-spaces-and-tabs
  1560:1    warning  Mixed spaces and tabs                               no-mixed-spaces-and-tabs
  1568:1    warning  Mixed spaces and tabs                               no-mixed-spaces-and-tabs
  1569:2    warning  Mixed spaces and tabs                               no-mixed-spaces-and-tabs
  1582:1    warning  Mixed spaces and tabs                               no-mixed-spaces-and-tabs
  1583:1    warning  Mixed spaces and tabs                               no-mixed-spaces-and-tabs
  1591:19   warning  'CanvasJS' is not defined                           no-undef
  1594:1    warning  Mixed spaces and tabs                               no-mixed-spaces-and-tabs
  1595:1    warning  Mixed spaces and tabs                               no-mixed-spaces-and-tabs
  1596:2    warning  Mixed spaces and tabs                               no-mixed-spaces-and-tabs
  1597:1    warning  Mixed spaces and tabs                               no-mixed-spaces-and-tabs
  1599:1    warning  Mixed spaces and tabs                               no-mixed-spaces-and-tabs
  1601:1    warning  Mixed spaces and tabs                               no-mixed-spaces-and-tabs
  1602:1    warning  Mixed spaces and tabs                               no-mixed-spaces-and-tabs
  1610:1    warning  Mixed spaces and tabs                               no-mixed-spaces-and-tabs
  1611:2    warning  Mixed spaces and tabs                               no-mixed-spaces-and-tabs
  1624:1    warning  Mixed spaces and tabs                               no-mixed-spaces-and-tabs
  1633:3    warning  Mixed spaces and tabs                               no-mixed-spaces-and-tabs
  1634:3    warning  Mixed spaces and tabs                               no-mixed-spaces-and-tabs
  1635:3    warning  Mixed spaces and tabs                               no-mixed-spaces-and-tabs
  1636:3    warning  Mixed spaces and tabs                               no-mixed-spaces-and-tabs
  1638:3    warning  Mixed spaces and tabs                               no-mixed-spaces-and-tabs
  1639:3    warning  Mixed spaces and tabs                               no-mixed-spaces-and-tabs
  1640:2    warning  Mixed spaces and tabs                               no-mixed-spaces-and-tabs
  1641:3    warning  Mixed spaces and tabs                               no-mixed-spaces-and-tabs
  1642:3    warning  Mixed spaces and tabs                               no-mixed-spaces-and-tabs
  1643:4    warning  Mixed spaces and tabs                               no-mixed-spaces-and-tabs
  1644:4    warning  Mixed spaces and tabs                               no-mixed-spaces-and-tabs
  1645:3    warning  Mixed spaces and tabs                               no-mixed-spaces-and-tabs
  1646:3    warning  Mixed spaces and tabs                               no-mixed-spaces-and-tabs
  1653:1    warning  Mixed spaces and tabs                               no-mixed-spaces-and-tabs
  1658:1    warning  Mixed spaces and tabs                               no-mixed-spaces-and-tabs
  1659:1    warning  Mixed spaces and tabs                               no-mixed-spaces-and-tabs
  1692:1    warning  Mixed spaces and tabs                               no-mixed-spaces-and-tabs
  1696:12   warning  'math' is not defined                               no-undef
  1696:21   warning  'math' is not defined                               no-undef
  1696:37   warning  'math' is not defined                               no-undef
  1696:52   warning  'math' is not defined                               no-undef
  1698:2    warning  Mixed spaces and tabs                               no-mixed-spaces-and-tabs
  1698:15   warning  'math' is not defined                               no-undef
  1698:27   warning  'math' is not defined                               no-undef
  1698:38   warning  'math' is not defined                               no-undef
  1698:52   warning  'math' is not defined                               no-undef
  1698:65   warning  'math' is not defined                               no-undef
  1698:79   warning  'math' is not defined                               no-undef
  1698:90   warning  'math' is not defined                               no-undef
  1700:12   warning  'math' is not defined                               no-undef
  1700:24   warning  'math' is not defined                               no-undef
  1700:35   warning  'math' is not defined                               no-undef
  1700:49   warning  'math' is not defined                               no-undef
  1700:61   warning  'math' is not defined                               no-undef
  1700:104  warning  Unnecessary semicolon                               no-extra-semi
  1701:11   warning  'math' is not defined                               no-undef
  1701:23   warning  'math' is not defined                               no-undef
  1701:34   warning  'math' is not defined                               no-undef
  1701:48   warning  'math' is not defined                               no-undef
  1701:60   warning  'math' is not defined                               no-undef
  1701:71   warning  'math' is not defined                               no-undef
  1701:111  warning  Unnecessary semicolon                               no-extra-semi
  1703:12   warning  'math' is not defined                               no-undef
  1703:24   warning  'math' is not defined                               no-undef
  1703:35   warning  'math' is not defined                               no-undef
  1703:49   warning  'math' is not defined                               no-undef
  1703:62   warning  'math' is not defined                               no-undef
  1703:101  warning  Unnecessary semicolon                               no-extra-semi
  1704:12   warning  'math' is not defined                               no-undef
  1704:24   warning  'math' is not defined                               no-undef
  1704:35   warning  'math' is not defined                               no-undef
  1704:49   warning  'math' is not defined                               no-undef
  1704:61   warning  'math' is not defined                               no-undef
  1704:70   warning  'math' is not defined                               no-undef
  1704:93   warning  'math' is not defined                               no-undef
  1704:135  warning  Unnecessary semicolon                               no-extra-semi
  1705:11   warning  'math' is not defined                               no-undef
  1705:23   warning  'math' is not defined                               no-undef
  1705:34   warning  'math' is not defined                               no-undef
  1705:48   warning  'math' is not defined                               no-undef
  1705:60   warning  'math' is not defined                               no-undef
  1705:97   warning  Unnecessary semicolon                               no-extra-semi
  1707:12   warning  'a13' is not defined                                no-undef
  1707:16   warning  'a14' is not defined                                no-undef
  1707:20   warning  'a21' is not defined                                no-undef
  1707:24   warning  'a24' is not defined                                no-undef
  1707:28   warning  'a31' is not defined                                no-undef
  1707:32   warning  'a32' is not defined                                no-undef
  1707:36   warning  'a33' is not defined                                no-undef
  1707:40   warning  'a41' is not defined                                no-undef
  1707:44   warning  'a44' is not defined                                no-undef
  1707:48   warning  'b1' is not defined                                 no-undef
  1707:51   warning  'b3' is not defined                                 no-undef
  1707:54   warning  'c12' is not defined                                no-undef
  1707:58   warning  'c13' is not defined                                no-undef
  1707:62   warning  'c14' is not defined                                no-undef
  1707:66   warning  'c21' is not defined                                no-undef
  1707:70   warning  'c22' is not defined                                no-undef
  1707:74   warning  'c24' is not defined                                no-undef
  1708:12   warning  'a34' is not defined                                no-undef
  1708:16   warning  'c11' is not defined                                no-undef
  1708:20   warning  'c23' is not defined                                no-undef
  1710:8    warning  'mA' is assigned a value but never used             no-unused-vars
  1710:13   warning  'math' is not defined                               no-undef
  1710:37   warning  'a13' is not defined                                no-undef
  1710:42   warning  'a14' is not defined                                no-undef
  1710:49   warning  'a21' is not defined                                no-undef
  1710:64   warning  'a24' is not defined                                no-undef
  1710:71   warning  'a31' is not defined                                no-undef
  1710:76   warning  'a32' is not defined                                no-undef
  1710:81   warning  'a33' is not defined                                no-undef
  1710:86   warning  'a34' is not defined                                no-undef
  1710:93   warning  'a41' is not defined                                no-undef
  1710:108  warning  'a44' is not defined                                no-undef
  1711:23   warning  'math' is not defined                               no-undef
  1711:37   warning  'c11' is not defined                                no-undef
  1711:42   warning  'c12' is not defined                                no-undef
  1711:47   warning  'c13' is not defined                                no-undef
  1711:52   warning  'c14' is not defined                                no-undef
  1712:13   warning  'math' is not defined                               no-undef
  1712:27   warning  'b1' is not defined                                 no-undef
  1712:39   warning  'b3' is not defined                                 no-undef
  1714:26   warning  'a21' is not defined                                no-undef
  1714:30   warning  'a13' is not defined                                no-undef
  1714:34   warning  'a31' is not defined                                no-undef
  1714:38   warning  'a14' is not defined                                no-undef
  1714:42   warning  'a41' is not defined                                no-undef
  1715:30   warning  'a13' is not defined                                no-undef
  1715:34   warning  'a32' is not defined                                no-undef
  1715:38   warning  'a14' is not defined                                no-undef
  1716:18   warning  'a13' is not defined                                no-undef
  1716:30   warning  'a13' is not defined                                no-undef
  1716:34   warning  'a33' is not defined                                no-undef
  1716:38   warning  'a14' is not defined                                no-undef
  1717:18   warning  'a14' is not defined                                no-undef
  1717:26   warning  'a24' is not defined                                no-undef
  1717:30   warning  'a13' is not defined                                no-undef
  1717:34   warning  'a34' is not defined                                no-undef
  1717:38   warning  'a14' is not defined                                no-undef
  1717:42   warning  'a44' is not defined                                no-undef
  1719:14   warning  'a21' is not defined                                no-undef
  1719:27   warning  'a21' is not defined                                no-undef
  1719:36   warning  'a31' is not defined                                no-undef
  1719:41   warning  'a24' is not defined                                no-undef
  1719:45   warning  'a41' is not defined                                no-undef
  1720:14   warning  'a21' is not defined                                no-undef
  1720:36   warning  'a32' is not defined                                no-undef
  1720:41   warning  'a24' is not defined                                no-undef
  1721:14   warning  'a21' is not defined                                no-undef
  1721:18   warning  'a13' is not defined                                no-undef
  1721:36   warning  'a33' is not defined                                no-undef
  1721:41   warning  'a24' is not defined                                no-undef
  1722:14   warning  'a21' is not defined                                no-undef
  1722:18   warning  'a14' is not defined                                no-undef
  1722:27   warning  'a24' is not defined                                no-undef
  1722:36   warning  'a34' is not defined                                no-undef
  1722:41   warning  'a24' is not defined                                no-undef
  1722:45   warning  'a44' is not defined                                no-undef
  1724:14   warning  'a31' is not defined                                no-undef
  1724:23   warning  'a32' is not defined                                no-undef
  1724:27   warning  'a21' is not defined                                no-undef
  1724:32   warning  'a33' is not defined                                no-undef
  1724:36   warning  'a31' is not defined                                no-undef
  1724:41   warning  'a34' is not defined                                no-undef
  1724:45   warning  'a41' is not defined                                no-undef
  1725:14   warning  'a31' is not defined                                no-undef
  1725:23   warning  'a32' is not defined                                no-undef
  1725:32   warning  'a33' is not defined                                no-undef
  1725:36   warning  'a32' is not defined                                no-undef
  1725:41   warning  'a34' is not defined                                no-undef
  1726:14   warning  'a31' is not defined                                no-undef
  1726:18   warning  'a13' is not defined                                no-undef
  1726:23   warning  'a32' is not defined                                no-undef
  1726:32   warning  'a33' is not defined                                no-undef
  1726:36   warning  'a33' is not defined                                no-undef
  1726:41   warning  'a34' is not defined                                no-undef
  1727:14   warning  'a31' is not defined                                no-undef
  1727:18   warning  'a14' is not defined                                no-undef
  1727:23   warning  'a32' is not defined                                no-undef
  1727:27   warning  'a24' is not defined                                no-undef
  1727:32   warning  'a33' is not defined                                no-undef
  1727:36   warning  'a34' is not defined                                no-undef
  1727:41   warning  'a34' is not defined                                no-undef
  1727:45   warning  'a44' is not defined                                no-undef
  1729:14   warning  'a41' is not defined                                no-undef
  1729:27   warning  'a21' is not defined                                no-undef
  1729:36   warning  'a31' is not defined                                no-undef
  1729:41   warning  'a44' is not defined                                no-undef
  1729:45   warning  'a41' is not defined                                no-undef
  1730:14   warning  'a41' is not defined                                no-undef
  1730:36   warning  'a32' is not defined                                no-undef
  1730:41   warning  'a44' is not defined                                no-undef
  1731:14   warning  'a41' is not defined                                no-undef
  1731:18   warning  'a13' is not defined                                no-undef
  1731:36   warning  'a33' is not defined                                no-undef
  1731:41   warning  'a44' is not defined                                no-undef
  1732:14   warning  'a41' is not defined                                no-undef
  1732:18   warning  'a14' is not defined                                no-undef
  1732:27   warning  'a24' is not defined                                no-undef
  1732:36   warning  'a34' is not defined                                no-undef
  1732:41   warning  'a44' is not defined                                no-undef
  1732:45   warning  'a44' is not defined                                no-undef
  1736:33   warning  'a13' is not defined                                no-undef
  1736:42   warning  'a14' is not defined                                no-undef
  1737:33   warning  'a13' is not defined                                no-undef
  1737:42   warning  'a14' is not defined                                no-undef
  1738:33   warning  'a13' is not defined                                no-undef
  1738:42   warning  'a14' is not defined                                no-undef
  1739:33   warning  'a13' is not defined                                no-undef
  1739:42   warning  'a14' is not defined                                no-undef
  1741:15   warning  'a21' is not defined                                no-undef
  1741:45   warning  'a24' is not defined                                no-undef
  1742:15   warning  'a21' is not defined                                no-undef
  1742:45   warning  'a24' is not defined                                no-undef
  1743:15   warning  'a21' is not defined                                no-undef
  1743:45   warning  'a24' is not defined                                no-undef
  1744:15   warning  'a21' is not defined                                no-undef
  1744:45   warning  'a24' is not defined                                no-undef
  1746:15   warning  'a31' is not defined                                no-undef
  1746:25   warning  'a32' is not defined                                no-undef
  1746:35   warning  'a33' is not defined                                no-undef
  1746:45   warning  'a34' is not defined                                no-undef
  1747:15   warning  'a31' is not defined                                no-undef
  1747:25   warning  'a32' is not defined                                no-undef
  1747:35   warning  'a33' is not defined                                no-undef
  1747:45   warning  'a34' is not defined                                no-undef
  1748:15   warning  'a31' is not defined                                no-undef
  1748:25   warning  'a32' is not defined                                no-undef
  1748:35   warning  'a33' is not defined                                no-undef
  1748:45   warning  'a34' is not defined                                no-undef
  1749:15   warning  'a31' is not defined                                no-undef
  1749:25   warning  'a32' is not defined                                no-undef
  1749:35   warning  'a33' is not defined                                no-undef
  1749:45   warning  'a34' is not defined                                no-undef
  1751:15   warning  'a41' is not defined                                no-undef
  1751:45   warning  'a44' is not defined                                no-undef
  1752:15   warning  'a41' is not defined                                no-undef
  1752:45   warning  'a44' is not defined                                no-undef
  1753:15   warning  'a41' is not defined                                no-undef
  1753:45   warning  'a44' is not defined                                no-undef
  1754:15   warning  'a41' is not defined                                no-undef
  1754:45   warning  'a44' is not defined                                no-undef
  1758:13   warning  'math' is not defined                               no-undef
  1758:25   warning  'math' is not defined                               no-undef
  1758:36   warning  'math' is not defined                               no-undef
  1758:50   warning  'b1' is not defined                                 no-undef
  1758:66   warning  'b3' is not defined                                 no-undef
  1758:69   warning  'a13' is not defined                                no-undef
  1758:77   warning  'a14' is not defined                                no-undef
  1759:13   warning  'math' is not defined                               no-undef
  1759:25   warning  'math' is not defined                               no-undef
  1759:36   warning  'math' is not defined                               no-undef
  1759:50   warning  'b1' is not defined                                 no-undef
  1759:53   warning  'a21' is not defined                                no-undef
  1759:66   warning  'b3' is not defined                                 no-undef
  1759:77   warning  'a24' is not defined                                no-undef
  1760:13   warning  'math' is not defined                               no-undef
  1760:25   warning  'math' is not defined                               no-undef
  1760:36   warning  'math' is not defined                               no-undef
  1760:50   warning  'b1' is not defined                                 no-undef
  1760:53   warning  'a31' is not defined                                no-undef
  1760:61   warning  'a32' is not defined                                no-undef
  1760:66   warning  'b3' is not defined                                 no-undef
  1760:69   warning  'a33' is not defined                                no-undef
  1760:77   warning  'a34' is not defined                                no-undef
  1761:13   warning  'math' is not defined                               no-undef
  1761:25   warning  'math' is not defined                               no-undef
  1761:36   warning  'math' is not defined                               no-undef
  1761:50   warning  'b1' is not defined                                 no-undef
  1761:53   warning  'a41' is not defined                                no-undef
  1761:66   warning  'b3' is not defined                                 no-undef
  1761:77   warning  'a44' is not defined                                no-undef
  1765:14   warning  'math' is not defined                               no-undef
  1765:26   warning  'math' is not defined                               no-undef
  1765:37   warning  'math' is not defined                               no-undef
  1765:51   warning  'b1' is not defined                                 no-undef
  1765:69   warning  'b3' is not defined                                 no-undef
  1766:14   warning  'math' is not defined                               no-undef
  1766:26   warning  'math' is not defined                               no-undef
  1766:37   warning  'math' is not defined                               no-undef
  1766:51   warning  'b1' is not defined                                 no-undef
  1766:69   warning  'b3' is not defined                                 no-undef
  1767:14   warning  'math' is not defined                               no-undef
  1767:26   warning  'math' is not defined                               no-undef
  1767:37   warning  'math' is not defined                               no-undef
  1767:51   warning  'b1' is not defined                                 no-undef
  1767:69   warning  'b3' is not defined                                 no-undef
  1768:14   warning  'math' is not defined                               no-undef
  1768:26   warning  'math' is not defined                               no-undef
  1768:37   warning  'math' is not defined                               no-undef
  1768:51   warning  'b1' is not defined                                 no-undef
  1768:69   warning  'b3' is not defined                                 no-undef
  1772:15   warning  'math' is not defined                               no-undef
  1772:27   warning  'math' is not defined                               no-undef
  1772:38   warning  'math' is not defined                               no-undef
  1772:52   warning  'b1' is not defined                                 no-undef
  1772:72   warning  'b3' is not defined                                 no-undef
  1773:15   warning  'math' is not defined                               no-undef
  1773:27   warning  'math' is not defined                               no-undef
  1773:38   warning  'math' is not defined                               no-undef
  1773:52   warning  'b1' is not defined                                 no-undef
  1773:72   warning  'b3' is not defined                                 no-undef
  1774:15   warning  'math' is not defined                               no-undef
  1774:27   warning  'math' is not defined                               no-undef
  1774:38   warning  'math' is not defined                               no-undef
  1774:52   warning  'b1' is not defined                                 no-undef
  1774:72   warning  'b3' is not defined                                 no-undef
  1775:15   warning  'math' is not defined                               no-undef
  1775:27   warning  'math' is not defined                               no-undef
  1775:38   warning  'math' is not defined                               no-undef
  1775:52   warning  'b1' is not defined                                 no-undef
  1775:72   warning  'b3' is not defined                                 no-undef
  1778:8    warning  'B' is assigned a value but never used              no-unused-vars
  1778:11   warning  'math' is not defined                               no-undef
  1778:24   warning  'b1' is not defined                                 no-undef
  1778:32   warning  'b3' is not defined                                 no-undef
  1779:8    warning  'AB' is assigned a value but never used             no-unused-vars
  1779:12   warning  'math' is not defined                               no-undef
  1780:8    warning  'AAB' is assigned a value but never used            no-unused-vars
  1780:13   warning  'math' is not defined                               no-undef
  1781:8    warning  'AAAB' is assigned a value but never used           no-unused-vars
  1781:14   warning  'math' is not defined                               no-undef
  1792:12   warning  'math' is not defined                               no-undef
  1792:26   warning  'b1' is not defined                                 no-undef
  1792:72   warning  'b3' is not defined                                 no-undef
  1794:146  warning  'b1' is not defined                                 no-undef
  1794:232  warning  'b3' is not defined                                 no-undef
  1796:13   warning  'math' is not defined                               no-undef
  1796:25   warning  'math' is not defined                               no-undef
  1796:36   warning  'math' is not defined                               no-undef
  1796:50   warning  'math' is not defined                               no-undef
  1804:3    warning  Mixed spaces and tabs                               no-mixed-spaces-and-tabs
  1805:3    warning  Mixed spaces and tabs                               no-mixed-spaces-and-tabs
  1806:3    warning  Mixed spaces and tabs                               no-mixed-spaces-and-tabs
  1807:3    warning  Mixed spaces and tabs                               no-mixed-spaces-and-tabs
  1808:3    warning  Mixed spaces and tabs                               no-mixed-spaces-and-tabs
  1809:3    warning  Mixed spaces and tabs                               no-mixed-spaces-and-tabs
  1810:3    warning  Mixed spaces and tabs                               no-mixed-spaces-and-tabs
  1810:22   warning  'math' is not defined                               no-undef
  1811:3    warning  Mixed spaces and tabs                               no-mixed-spaces-and-tabs
  1819:3    warning  Mixed spaces and tabs                               no-mixed-spaces-and-tabs
  1820:3    warning  Mixed spaces and tabs                               no-mixed-spaces-and-tabs
  1820:18   warning  'math' is not defined                               no-undef
  1821:3    warning  Mixed spaces and tabs                               no-mixed-spaces-and-tabs
  1821:18   warning  'math' is not defined                               no-undef
  1822:3    warning  Mixed spaces and tabs                               no-mixed-spaces-and-tabs
  1822:18   warning  'math' is not defined                               no-undef
  1823:3    warning  Mixed spaces and tabs                               no-mixed-spaces-and-tabs
  1823:18   warning  'math' is not defined                               no-undef
  1824:3    warning  Mixed spaces and tabs                               no-mixed-spaces-and-tabs
  1825:3    warning  Mixed spaces and tabs                               no-mixed-spaces-and-tabs
  1839:3    warning  Mixed spaces and tabs                               no-mixed-spaces-and-tabs
  1840:3    warning  Mixed spaces and tabs                               no-mixed-spaces-and-tabs
  1840:17   warning  'math' is not defined                               no-undef
  1841:3    warning  Mixed spaces and tabs                               no-mixed-spaces-and-tabs
  1841:17   warning  'math' is not defined                               no-undef
  1842:3    warning  Mixed spaces and tabs                               no-mixed-spaces-and-tabs
  1842:17   warning  'math' is not defined                               no-undef
  1843:3    warning  Mixed spaces and tabs                               no-mixed-spaces-and-tabs
  1843:17   warning  'math' is not defined                               no-undef
  1844:3    warning  Mixed spaces and tabs                               no-mixed-spaces-and-tabs
  1844:17   warning  'math' is not defined                               no-undef
  1845:3    warning  Mixed spaces and tabs                               no-mixed-spaces-and-tabs
  1845:17   warning  'math' is not defined                               no-undef
  1846:3    warning  Mixed spaces and tabs                               no-mixed-spaces-and-tabs
  1847:3    warning  Mixed spaces and tabs                               no-mixed-spaces-and-tabs
  1854:3    warning  Mixed spaces and tabs                               no-mixed-spaces-and-tabs
  1855:3    warning  Mixed spaces and tabs                               no-mixed-spaces-and-tabs
  1855:43   warning  'math' is not defined                               no-undef
  1855:52   warning  'math' is not defined                               no-undef
  1855:75   warning  'math' is not defined                               no-undef
  1855:102  warning  'math' is not defined                               no-undef
  1855:111  warning  'math' is not defined                               no-undef
  1855:134  warning  'math' is not defined                               no-undef
  1855:157  warning  'math' is not defined                               no-undef
  1855:166  warning  'math' is not defined                               no-undef
  1855:189  warning  'math' is not defined                               no-undef
  1855:216  warning  'math' is not defined                               no-undef
  1855:225  warning  'math' is not defined                               no-undef
  1855:248  warning  'math' is not defined                               no-undef
  1856:3    warning  Mixed spaces and tabs                               no-mixed-spaces-and-tabs
  1856:21   warning  'math' is not defined                               no-undef
  1856:48   warning  'math' is not defined                               no-undef
  1856:86   warning  'math' is not defined                               no-undef
  1856:115  warning  'math' is not defined                               no-undef
  1856:139  warning  'math' is not defined                               no-undef
  1857:3    warning  Mixed spaces and tabs                               no-mixed-spaces-and-tabs
  1857:17   warning  'math' is not defined                               no-undef
  1858:3    warning  Mixed spaces and tabs                               no-mixed-spaces-and-tabs
  1859:3    warning  Mixed spaces and tabs                               no-mixed-spaces-and-tabs
  1859:16   warning  'math' is not defined                               no-undef
  1859:28   warning  'math' is not defined                               no-undef
  1859:39   warning  'math' is not defined                               no-undef
  1860:3    warning  Mixed spaces and tabs                               no-mixed-spaces-and-tabs
  1860:16   warning  'math' is not defined                               no-undef
  1860:28   warning  'math' is not defined                               no-undef
  1860:39   warning  'math' is not defined                               no-undef
  1861:3    warning  Mixed spaces and tabs                               no-mixed-spaces-and-tabs
  1861:16   warning  'math' is not defined                               no-undef
  1861:28   warning  'math' is not defined                               no-undef
  1861:39   warning  'math' is not defined                               no-undef
  1862:3    warning  Mixed spaces and tabs                               no-mixed-spaces-and-tabs
  1862:16   warning  'math' is not defined                               no-undef
  1862:28   warning  'math' is not defined                               no-undef
  1862:39   warning  'math' is not defined                               no-undef
  1863:3    warning  Mixed spaces and tabs                               no-mixed-spaces-and-tabs
  1864:3    warning  Mixed spaces and tabs                               no-mixed-spaces-and-tabs
  1865:3    warning  Mixed spaces and tabs                               no-mixed-spaces-and-tabs
  1866:3    warning  Mixed spaces and tabs                               no-mixed-spaces-and-tabs
  1867:3    warning  Mixed spaces and tabs                               no-mixed-spaces-and-tabs
  1868:3    warning  Mixed spaces and tabs                               no-mixed-spaces-and-tabs
  1869:3    warning  Mixed spaces and tabs                               no-mixed-spaces-and-tabs
  1885:3    warning  Mixed spaces and tabs                               no-mixed-spaces-and-tabs
  1886:3    warning  Mixed spaces and tabs                               no-mixed-spaces-and-tabs
  1886:15   warning  'math' is not defined                               no-undef
  1887:3    warning  Mixed spaces and tabs                               no-mixed-spaces-and-tabs
  1888:3    warning  Mixed spaces and tabs                               no-mixed-spaces-and-tabs
  1889:3    warning  Mixed spaces and tabs                               no-mixed-spaces-and-tabs
  1890:3    warning  Mixed spaces and tabs                               no-mixed-spaces-and-tabs
  1891:3    warning  Mixed spaces and tabs                               no-mixed-spaces-and-tabs
  1891:17   warning  'math' is not defined                               no-undef
  1891:41   warning  'a13' is not defined                                no-undef
  1891:46   warning  'a14' is not defined                                no-undef
  1891:54   warning  'math' is not defined                               no-undef
  1891:76   warning  'math' is not defined                               no-undef
  1891:90   warning  'math' is not defined                               no-undef
  1891:113  warning  'math' is not defined                               no-undef
  1891:127  warning  'math' is not defined                               no-undef
  1891:151  warning  'math' is not defined                               no-undef
  1891:175  warning  'a31' is not defined                                no-undef
  1891:180  warning  'a32' is not defined                                no-undef
  1891:185  warning  'a33' is not defined                                no-undef
  1891:190  warning  'a34' is not defined                                no-undef
  1891:198  warning  'math' is not defined                               no-undef
  1891:220  warning  'math' is not defined                               no-undef
  1891:234  warning  'math' is not defined                               no-undef
  1891:257  warning  'math' is not defined                               no-undef
  1891:271  warning  'math' is not defined                               no-undef
  1891:295  warning  'math' is not defined                               no-undef
  1891:319  warning  Unnecessary semicolon                               no-extra-semi
  1892:3    warning  Mixed spaces and tabs                               no-mixed-spaces-and-tabs
  1893:3    warning  Mixed spaces and tabs                               no-mixed-spaces-and-tabs
  1893:18   warning  'math' is not defined                               no-undef
  1894:3    warning  Mixed spaces and tabs                               no-mixed-spaces-and-tabs
  1894:19   warning  'math' is not defined                               no-undef
  1895:3    warning  Mixed spaces and tabs                               no-mixed-spaces-and-tabs
  1896:3    warning  Mixed spaces and tabs                               no-mixed-spaces-and-tabs
  1896:15   warning  'math' is not defined                               no-undef
  1896:27   warning  'math' is not defined                               no-undef
  1896:38   warning  'math' is not defined                               no-undef
  1896:52   warning  'math' is not defined                               no-undef
  1897:3    warning  Mixed spaces and tabs                               no-mixed-spaces-and-tabs
  1898:3    warning  Mixed spaces and tabs                               no-mixed-spaces-and-tabs
  1899:3    warning  Mixed spaces and tabs                               no-mixed-spaces-and-tabs
  1900:3    warning  Mixed spaces and tabs                               no-mixed-spaces-and-tabs
  1901:3    warning  Mixed spaces and tabs                               no-mixed-spaces-and-tabs
  1902:3    warning  Mixed spaces and tabs                               no-mixed-spaces-and-tabs
  1903:3    warning  Mixed spaces and tabs                               no-mixed-spaces-and-tabs
  1904:3    warning  Mixed spaces and tabs                               no-mixed-spaces-and-tabs
  1905:3    warning  Mixed spaces and tabs                               no-mixed-spaces-and-tabs
  1906:3    warning  Mixed spaces and tabs                               no-mixed-spaces-and-tabs
  1908:1    warning  Mixed spaces and tabs                               no-mixed-spaces-and-tabs
  1911:17   warning  'yop' is assigned a value but never used            no-unused-vars
  1912:1    warning  Mixed spaces and tabs                               no-mixed-spaces-and-tabs
  1913:1    warning  Mixed spaces and tabs                               no-mixed-spaces-and-tabs
  1916:1    warning  Mixed spaces and tabs                               no-mixed-spaces-and-tabs
  1920:1    warning  Mixed spaces and tabs                               no-mixed-spaces-and-tabs
  1921:1    warning  Mixed spaces and tabs                               no-mixed-spaces-and-tabs
  1922:2    warning  Mixed spaces and tabs                               no-mixed-spaces-and-tabs
  1923:2    warning  Mixed spaces and tabs                               no-mixed-spaces-and-tabs
  1923:10   warning  'Pos' is assigned a value but never used            no-unused-vars
  1923:16   warning  '$' is not defined                                  no-undef
  1924:2    warning  Mixed spaces and tabs                               no-mixed-spaces-and-tabs
  1925:1    warning  Mixed spaces and tabs                               no-mixed-spaces-and-tabs
  1937:1    warning  Mixed spaces and tabs                               no-mixed-spaces-and-tabs
  1937:22   warning  'math' is not defined                               no-undef
  1939:1    warning  Mixed spaces and tabs                               no-mixed-spaces-and-tabs
  1941:2    warning  Mixed spaces and tabs                               no-mixed-spaces-and-tabs
  1944:3    warning  Mixed spaces and tabs                               no-mixed-spaces-and-tabs
  1950:8    warning  'y1_up' is assigned a value but never used          no-unused-vars
  1951:8    warning  'y2_up' is assigned a value but never used          no-unused-vars
  1955:11   warning  Mixed spaces and tabs                               no-mixed-spaces-and-tabs
  1956:10   warning  Mixed spaces and tabs                               no-mixed-spaces-and-tabs
  1957:8    warning  Mixed spaces and tabs                               no-mixed-spaces-and-tabs
  1958:1    warning  Mixed spaces and tabs                               no-mixed-spaces-and-tabs
  1966:16   warning  'a13' is not defined                                no-undef
  1967:16   warning  'a14' is not defined                                no-undef
  1969:16   warning  'a21' is not defined                                no-undef
  1972:16   warning  'a24' is not defined                                no-undef
  1974:16   warning  'a31' is not defined                                no-undef
  1975:16   warning  'a32' is not defined                                no-undef
  1976:16   warning  'a33' is not defined                                no-undef
  1977:16   warning  'a34' is not defined                                no-undef
  1979:16   warning  'a41' is not defined                                no-undef
  1982:16   warning  'a44' is not defined                                no-undef
  1984:16   warning  'b1' is not defined                                 no-undef
  1986:16   warning  'b3' is not defined                                 no-undef
  1989:16   warning  'c11' is not defined                                no-undef
  1990:16   warning  'c12' is not defined                                no-undef
  1991:16   warning  'c13' is not defined                                no-undef
  1992:16   warning  'c14' is not defined                                no-undef
  1994:16   warning  'c21' is not defined                                no-undef
  1995:16   warning  'c22' is not defined                                no-undef
  1996:16   warning  'c23' is not defined                                no-undef
  1997:16   warning  'c24' is not defined                                no-undef
  2006:1    warning  Mixed spaces and tabs                               no-mixed-spaces-and-tabs
  2010:1    warning  Mixed spaces and tabs                               no-mixed-spaces-and-tabs
  2014:1    warning  Mixed spaces and tabs                               no-mixed-spaces-and-tabs
  2018:1    warning  Mixed spaces and tabs                               no-mixed-spaces-and-tabs
  2019:3    warning  Mixed spaces and tabs                               no-mixed-spaces-and-tabs
  2020:2    warning  Mixed spaces and tabs                               no-mixed-spaces-and-tabs
  2025:12   warning  'x_dot' is assigned to itself                       no-self-assign
  2029:3    warning  Mixed spaces and tabs                               no-mixed-spaces-and-tabs
  2030:3    warning  Mixed spaces and tabs                               no-mixed-spaces-and-tabs
  2030:14   warning  'math' is not defined                               no-undef
  2030:23   warning  'math' is not defined                               no-undef
  2030:47   warning  'math' is not defined                               no-undef
  2030:61   warning  'math' is not defined                               no-undef
  2030:75   warning  'math' is not defined                               no-undef
  2030:104  warning  'math' is not defined                               no-undef
  2030:118  warning  'math' is not defined                               no-undef
  2030:132  warning  'math' is not defined                               no-undef
  2030:162  warning  'math' is not defined                               no-undef
  2030:193  warning  'math' is not defined                               no-undef
  2032:3    warning  Mixed spaces and tabs                               no-mixed-spaces-and-tabs
  2033:3    warning  Mixed spaces and tabs                               no-mixed-spaces-and-tabs
  2034:3    warning  Mixed spaces and tabs                               no-mixed-spaces-and-tabs
  2034:14   warning  'x_dot1' is assigned to itself                      no-self-assign
  2038:3    warning  Mixed spaces and tabs                               no-mixed-spaces-and-tabs
  2039:14   warning  'math' is not defined                               no-undef
  2039:23   warning  'math' is not defined                               no-undef
  2039:48   warning  'math' is not defined                               no-undef
  2039:62   warning  'math' is not defined                               no-undef
  2039:76   warning  'math' is not defined                               no-undef
  2039:106  warning  'math' is not defined                               no-undef
  2039:120  warning  'math' is not defined                               no-undef
  2039:134  warning  'math' is not defined                               no-undef
  2039:165  warning  'math' is not defined                               no-undef
  2039:197  warning  'math' is not defined                               no-undef
  2041:3    warning  Mixed spaces and tabs                               no-mixed-spaces-and-tabs
  2046:16   warning  'theta_dot' is assigned to itself                   no-self-assign
  2050:3    warning  Mixed spaces and tabs                               no-mixed-spaces-and-tabs
  2051:3    warning  Mixed spaces and tabs                               no-mixed-spaces-and-tabs
  2051:18   warning  'math' is not defined                               no-undef
  2051:27   warning  'math' is not defined                               no-undef
  2051:51   warning  'math' is not defined                               no-undef
  2051:65   warning  'math' is not defined                               no-undef
  2051:79   warning  'math' is not defined                               no-undef
  2051:108  warning  'math' is not defined                               no-undef
  2051:122  warning  'math' is not defined                               no-undef
  2051:136  warning  'math' is not defined                               no-undef
  2051:166  warning  'math' is not defined                               no-undef
  2051:197  warning  'math' is not defined                               no-undef
  2052:3    warning  Mixed spaces and tabs                               no-mixed-spaces-and-tabs
  2053:3    warning  Mixed spaces and tabs                               no-mixed-spaces-and-tabs
  2054:3    warning  Mixed spaces and tabs                               no-mixed-spaces-and-tabs
  2055:3    warning  Mixed spaces and tabs                               no-mixed-spaces-and-tabs
  2055:18   warning  'theta_dot1' is assigned to itself                  no-self-assign
  2058:3    warning  Mixed spaces and tabs                               no-mixed-spaces-and-tabs
  2059:3    warning  Mixed spaces and tabs                               no-mixed-spaces-and-tabs
  2060:18   warning  'math' is not defined                               no-undef
  2060:27   warning  'math' is not defined                               no-undef
  2060:52   warning  'math' is not defined                               no-undef
  2060:66   warning  'math' is not defined                               no-undef
  2060:80   warning  'math' is not defined                               no-undef
  2060:110  warning  'math' is not defined                               no-undef
  2060:124  warning  'math' is not defined                               no-undef
  2060:138  warning  'math' is not defined                               no-undef
  2060:169  warning  'math' is not defined                               no-undef
  2060:201  warning  'math' is not defined                               no-undef
  2061:3    warning  Mixed spaces and tabs                               no-mixed-spaces-and-tabs
  2062:3    warning  Mixed spaces and tabs                               no-mixed-spaces-and-tabs
  2066:3    warning  Mixed spaces and tabs                               no-mixed-spaces-and-tabs
  2067:3    warning  Mixed spaces and tabs                               no-mixed-spaces-and-tabs
  2068:3    warning  Mixed spaces and tabs                               no-mixed-spaces-and-tabs
  2069:3    warning  Mixed spaces and tabs                               no-mixed-spaces-and-tabs
  2070:3    warning  Mixed spaces and tabs                               no-mixed-spaces-and-tabs
  2071:3    warning  Mixed spaces and tabs                               no-mixed-spaces-and-tabs
  2072:3    warning  Mixed spaces and tabs                               no-mixed-spaces-and-tabs
  2073:3    warning  Mixed spaces and tabs                               no-mixed-spaces-and-tabs
  2074:3    warning  Mixed spaces and tabs                               no-mixed-spaces-and-tabs
  2075:3    warning  Mixed spaces and tabs                               no-mixed-spaces-and-tabs
  2076:3    warning  Mixed spaces and tabs                               no-mixed-spaces-and-tabs
  2082:1    warning  Mixed spaces and tabs                               no-mixed-spaces-and-tabs
  2092:1    warning  Mixed spaces and tabs                               no-mixed-spaces-and-tabs
  2096:3    warning  Mixed spaces and tabs                               no-mixed-spaces-and-tabs
  2097:3    warning  Mixed spaces and tabs                               no-mixed-spaces-and-tabs
  2098:1    warning  Mixed spaces and tabs                               no-mixed-spaces-and-tabs
  2102:3    warning  Mixed spaces and tabs                               no-mixed-spaces-and-tabs
  2103:3    warning  Mixed spaces and tabs                               no-mixed-spaces-and-tabs
  2104:3    warning  Mixed spaces and tabs                               no-mixed-spaces-and-tabs
  2117:2    warning  Mixed spaces and tabs                               no-mixed-spaces-and-tabs
  2125:6    warning  'math' is not defined                               no-undef
  2131:19   warning  'CanvasJS' is not defined                           no-undef
  2134:1    warning  Mixed spaces and tabs                               no-mixed-spaces-and-tabs
  2135:1    warning  Mixed spaces and tabs                               no-mixed-spaces-and-tabs
  2136:2    warning  Mixed spaces and tabs                               no-mixed-spaces-and-tabs
  2137:1    warning  Mixed spaces and tabs                               no-mixed-spaces-and-tabs
  2139:1    warning  Mixed spaces and tabs                               no-mixed-spaces-and-tabs
  2141:1    warning  Mixed spaces and tabs                               no-mixed-spaces-and-tabs
  2142:1    warning  Mixed spaces and tabs                               no-mixed-spaces-and-tabs
  2150:1    warning  Mixed spaces and tabs                               no-mixed-spaces-and-tabs
  2151:2    warning  Mixed spaces and tabs                               no-mixed-spaces-and-tabs
  2169:1    warning  Mixed spaces and tabs                               no-mixed-spaces-and-tabs
  2175:1    warning  Mixed spaces and tabs                               no-mixed-spaces-and-tabs
  2176:1    warning  Mixed spaces and tabs                               no-mixed-spaces-and-tabs
  2177:1    warning  Mixed spaces and tabs                               no-mixed-spaces-and-tabs
  2185:19   warning  'CanvasJS' is not defined                           no-undef
  2188:1    warning  Mixed spaces and tabs                               no-mixed-spaces-and-tabs
  2189:1    warning  Mixed spaces and tabs                               no-mixed-spaces-and-tabs
  2190:2    warning  Mixed spaces and tabs                               no-mixed-spaces-and-tabs
  2191:1    warning  Mixed spaces and tabs                               no-mixed-spaces-and-tabs
  2193:1    warning  Mixed spaces and tabs                               no-mixed-spaces-and-tabs
  2195:1    warning  Mixed spaces and tabs                               no-mixed-spaces-and-tabs
  2196:1    warning  Mixed spaces and tabs                               no-mixed-spaces-and-tabs
  2204:1    warning  Mixed spaces and tabs                               no-mixed-spaces-and-tabs
  2205:2    warning  Mixed spaces and tabs                               no-mixed-spaces-and-tabs
  2226:1    warning  Mixed spaces and tabs                               no-mixed-spaces-and-tabs
  2234:1    warning  Mixed spaces and tabs                               no-mixed-spaces-and-tabs
  2235:1    warning  Mixed spaces and tabs                               no-mixed-spaces-and-tabs
  2244:3    warning  Mixed spaces and tabs                               no-mixed-spaces-and-tabs
  2245:3    warning  Mixed spaces and tabs                               no-mixed-spaces-and-tabs
  2246:3    warning  Mixed spaces and tabs                               no-mixed-spaces-and-tabs
  2247:3    warning  Mixed spaces and tabs                               no-mixed-spaces-and-tabs
  2249:3    warning  Mixed spaces and tabs                               no-mixed-spaces-and-tabs
  2250:3    warning  Mixed spaces and tabs                               no-mixed-spaces-and-tabs
  2251:2    warning  Mixed spaces and tabs                               no-mixed-spaces-and-tabs
  2252:3    warning  Mixed spaces and tabs                               no-mixed-spaces-and-tabs
  2253:3    warning  Mixed spaces and tabs                               no-mixed-spaces-and-tabs
  2254:4    warning  Mixed spaces and tabs                               no-mixed-spaces-and-tabs
  2255:4    warning  Mixed spaces and tabs                               no-mixed-spaces-and-tabs
  2256:3    warning  Mixed spaces and tabs                               no-mixed-spaces-and-tabs
  2257:3    warning  Mixed spaces and tabs                               no-mixed-spaces-and-tabs
  2272:10   warning  'plot' is defined but never used                    no-unused-vars
  2313:10   warning  'saveImg' is defined but never used                 no-unused-vars
  2314:1    warning  'html2canvas' is not defined                        no-undef

✖ 2389 problems (0 errors, 2389 warnings)
  0 errors and 29 warnings potentially fixable with the `--fix` option.

